People: 杨过; 傻姑 </s> 傻姑虽然痴呆，轻功也甚了得，杨过身处暗中，哪里捉她得着？他纵跃几次，偷偷伸手在帕子上撕裂一缝，眼见她躲在右边大树之后，故意向左摸索，说道： </s> “你在哪里？你在哪里？” </s> 猛地里一个翻身，抓住了她手腕，左手随即拉下帕子放入怀内，防她瞧出破绽，笑道： </s> “这次要我问你了。” </s> 傻姑便道， </s> “我吃过饭啦。”	who said "“这次要我问你了。”"?	8	10
People: 丘处机; 朱聪; 马钰 </s> 马钰道： </s> “就怕他们多邀好手，到咱们不免寡不敌众。” </s> 丘处机道： </s> “他们还能邀甚么好手？这世上好手当真便这么多？” </s> 马钰叹道： </s> “丘师弟，这些年来你虽然武功大进，为本派放一异彩，但年轻时的豪迈之气，总是不能收敛……”	who said "“他们还能邀甚么好手？这世上好手当真便这么多？”"?	8	11
People: 张无忌; 赵敏; 谢逊; 金花婆婆; 陈友谅 </s> 忽听得山风声中，有如落叶掠地，有个轻功高强之人在悄悄欺近，转头瞧去，只见一人躲躲闪闪的走来，正是那丐帮长老陈友谅，手执弯刀，却用布套遮住了刀光。 </s> 他暗想赵敏所料不错，此人果非善类。 </s> 只听得金花婆婆长声叫道： </s> “谢三哥，有不怕死的狗贼找你来啦！” </s> 张无忌吃了一惊，心想金花婆婆好生厉害，难道我的踪迹让她发见了？按理说决不至于。 </s> 只见陈友谅伏身在长草之中，更是一动也不敢动。	who said "“谢三哥，有不怕死的狗贼找你来啦！”"?	21	25
People: 杨过; 陆无双; 申志凡 </s> “脱不脱由你，我可要脱了。” </s> 除了外衣，随即将申志凡的道袍脱下穿上，又除了他的道冠，戴在自已头上。 </s> 陆无双登时醒悟，道： </s> “好，咱们扮道士骗过师父。” </s> 伸手去解衣钮，脸上又是一红，向姬清虚踢了一脚，道： </s> “闭上眼睛啦，死道士！”	who said "“好，咱们扮道士骗过师父。”"?	12	15
People: 杨过; 欧阳锋; 洪七公 </s> 北丐西毒数十年来反复恶斗，互不相下，岂知竟同时在华山绝顶归天。 </s> 两人毕生怨愤纠结，临死之际却相抱大笑。 </s> 数十年的深仇大恨，一笑而罢！杨过霎时间又惊又悲，没了主意，心想洪七公曾假死三日三夜，莫非二老又是假死？但瞧这情形却实在不像，心想： </s> “或许他们死了一会，又会复活。两位老人家武功这样高，不会就死的。或许他们又在比赛，瞧谁假死得久些。” </s> 他在两人尸身旁直守了七日七夜，每过一日，指望便少了一分，但见两尸脸上变色，才知当真死去，当下大哭一场，在洞侧并排挖了两个坑，将两位武林奇人葬了。 </s> 洪七公的酒葫芦，以及两人用以比武的棍棒也都一起埋入。	who said "“或许他们死了一会，又会复活。两位老人家武功这样高，不会就死的。或许他们又在比赛，瞧谁假死得久些。”"?	8	10
People: 霍都; 郭靖; 黄蓉; 武氏; 鲁有脚 </s> 黄蓉道： </s> “足下比第一场，令师兄比第二场，尊师比第三场，那是确定不移的了。是也不是？” </s> 霍都道： </s> “正是如此。” </s> 黄蓉向身旁众人低声道： </s> “咱们胜定啦。”	who said "“正是如此。”"?	8	10
People: 洪七公; 黄蓉; 欧阳锋; 郭靖; 欧阳克 </s> 欧阳锋顺手在黄蓉胁下穴道中一点。 </s> 她登时身子软垂，动弹不得。 </s> 洪七公喝道： </s> “老毒物好不要脸，快把她放下艇去，我和你在这里决个胜负。” </s> 当此之际，欧阳锋怎肯轻易放人，但见侄儿被火逼得不住退避，提起黄蓉向他抛去，叫道： </s> “你们先下小艇！”	who said "“老毒物好不要脸，快把她放下艇去，我和你在这里决个胜负。”"?	8	11
People: 杨过; 小龙女; 洪凌波 </s> 说着扑将过去，抱住她背心，顺手便在她「肩贞」「京门」两穴上各点一指。 </s> 洪凌波做梦也想不到这「傻蛋」竟有一身上乘武功，要待骂她胡说八道，已是全身酸麻，软瘫在地。 </s> 杨过怕她有自通经脉之能，随即在她「巨骨」穴上又再重重点上几指，说道： </s> “姑姑，这女人真坏，我用银针来刺她几下好不好？” </s> 说着用衣襟裹住手指，抬起银针。 </s> 洪凌波身子不能动弹，这几句话却清清楚楚的听在耳里，见他抬起银针，笑嘻嘻的望住自己，只吓得魂飞魄散，要待出言求情，苦在张口不得，只是目光露出哀怜之色。	who said "“姑姑，这女人真坏，我用银针来刺她几下好不好？”"?	8	10
People: 郭靖; 华筝 </s> “快来，我等了你半天啦。” </s> 一头白雕飞跃而起，停上了郭靖肩头。 </s> 郭靖道： </s> “我刚才收服了一匹小红马，跑起来可快极啦。不知它肯不肯让你骑。” </s> 华筝道： </s> “它不肯吗？我宰了它。”	who said "“我刚才收服了一匹小红马，跑起来可快极啦。不知它肯不肯让你骑。”"?	8	10
People: 谢逊; 金花婆婆; 殷离 </s> 谢逊叹道： </s> “殷二哥和韦四弟，这时候未必还活着。尤其是韦四弟，他身上寒毒难除，只怕已然不在人世了。” </s> 金花婆婆笑道： </s> “这个你可错了。我老实跟你说，白眉鹰王和青翼蝠王，眼下都在光明顶上。” </s> 谢逊奇道： </s> “他们又回光明顶？那干甚么？”	who said "“这个你可错了。我老实跟你说，白眉鹰王和青翼蝠王，眼下都在光明顶上。”"?	12	16
People: 郭靖; 韩小莹; 杨康; 朱聪; 江南七怪; 柯镇恶; 拖雷 </s> 郭靖仍是茫然摇头。 </s> 江南七怪极重信义，言出必践，虽是对一个孩子，也决不能说过的话不算，朱聪便把匕首交在郭靖手里。 </s> 韩小莹拿出手帕，给郭靖擦去鼻血，柔声道： </s> “回家去吧，以后别打架啦。你人小，打他们不过的。” </s> 七人掉转马头，纵马东行。 </s> 郭靖怔怔的望着他们。	who said "“回家去吧，以后别打架啦。你人小，打他们不过的。”"?	12	15
People: 张翠山; 殷素素; 白龟寿; 常金鹏 </s> 当即站起身来，走了过去。 </s> 白龟寿听常金鹏赞张翠山武功了得，他却不曾亲眼得见，这时有心要试他一试，向两名手托巨石的大力舵主使个眼色。 </s> 两名舵主会意，侍张翠山走近，齐声喝道： </s> “张相公小心，请接住了！” </s> 喝声一停，两人身子一矮，双臂下缩，随即长身展臂，大叫一声，两块巨石齐向张翠山头顶压将下来。 </s> 群豪见了这等声势，情不自禁的一齐站起。	who said "“张相公小心，请接住了！”"?	8	11
People: 郭靖; 裘千仞 </s> 裘千仞皱眉摇头道： </s> “我自己尚且性命不保，怎能送你们下山？” </s> 郭靖道： </s> “你叫你徒子徒孙让道，到了山下，我自然给你解开穴道。” </s> 裘千仞愁眉苦脸，说道： </s> “我的小爷，你老磨着我干么？你到洞口去瞧瞧就明白啦。”	who said "“你叫你徒子徒孙让道，到了山下，我自然给你解开穴道。”"?	8	10
People: 张无忌; 赵敏; 周芷若 </s> 赵敏俏脸红晕，低声道： </s> “我们这是假的，可作不得真。” </s> 张无忌一把将她搂在怀里，吻了吻她，低声道： </s> “倘若是假的，三年两载，又怎能生得个娃娃，抱回家去给你爹爹瞧瞧？” </s> 赵敏羞道： </s> “呸，原来你躲在一旁，把我的话都偷听去啦。”	who said "“倘若是假的，三年两载，又怎能生得个娃娃，抱回家去给你爹爹瞧瞧？”"?	8	11
People: 张无忌; 赵敏; 谢逊; 周芷若; 小昭; 殷离 </s> 这日晚间，谢逊忽道： </s> “无忌，咱们在此岛上，你想要过多少日子？” </s> 张无忌一怔，道： </s> “那就难说得很，只盼能有船只经过，救咱们回归中土。” </s> 谢逊道： </s> “这一个多月来，远远也曾见到船帆的影子么？”	who said "“那就难说得很，只盼能有船只经过，救咱们回归中土。”"?	8	11
People: 杨过; 陆无双; 耶律齐; 耶律燕 </s> 杨过低声道： </s> “一个对一个，这两个姑娘都不如你。你一个打她们两个呢，单论武功你就要输。只不过她们的打法也太老实，远不及你诡计多端、阴险毒辣，因此毕竟还是你赢。” </s> 陆无双心下喜欢，低声道： </s> “甚么‘诡计多端、阴险毒辣’的，可有多难听！说到诡计多端，世上没人及得上咱们的傻蛋傻大爷。” </s> 杨过微笑道： </s> “那你岂不成了傻大娘？”	who said "“甚么‘诡计多端、阴险毒辣’的，可有多难听！说到诡计多端，世上没人及得上咱们的傻蛋傻大爷。”"?	12	15
People: 周伯通; 裘千仞; 瑛姑; 渔人 </s> 周伯通微一定神，只惊得魂飞魄散，看清楚这黑影正是大理国皇官中的刘贵妃瑛姑。 </s> 裘千仞本以为当今之世，只周伯通的武功高过自己，若以毒蛇将他惊走，次日比武，大有独魁群雄之望，不料在这论剑前夕瑛姑斗然出现。 </s> 那日青龙滩上，他曾见她发疯蛮打，心想若被这疯婆抓住，大敌环伺在旁，定然性命不保，只听她嘶哑着嗓子叫道： </s> “还我儿子的命来！” </s> 裘千仞心中一凛，暗想当年自己乔装改扮，夜入皇官伤她孩子，原意是要段皇爷耗费功力，哪知他竟忍心不加救治，只是不知怎的被她窥破了真相？当下强笑道： </s> “疯婆子，你尽缠着我干么？”	who said "“还我儿子的命来！”"?	18	20
People: 黄蓉; 瑛姑; 一灯; 郭靖 </s> 一灯沉吟半晌，又问： </s> “你亲眼瞧见她画的？” </s> 黄蓉知道其中必有蹊跷，回想当时情景，说道： </s> “瑛姑书写之时，背向我们，我只见她笔动，却没亲眼见到她书画。” </s> 一灯道： </s> “你说还有两只布囊，囊中的柬帖给我瞧瞧。”	who said "“瑛姑书写之时，背向我们，我只见她笔动，却没亲眼见到她书画。”"?	8	10
People: 张无忌; 赵敏; 鹿杖客; 鹤笔翁 </s> 玄冥二老是顶尖高手，如以第五六层的挪移乾坤功夫对付，却又奈何二人不得。 </s> 这一拨之下，鹤笔翁右掌拍出，波的一响，正中鹿杖客肩头。 </s> 鹿杖客吃了一惊，怒道： </s> “师弟，你干甚么？” </s> 鹤笔翁武功极精，心思却颇迟钝，一件事须得思索良久，方明其理，这一下事出仓卒，自己也莫名其妙，愕然难答，但知定是张无忌捣鬼，心想只有加紧攻击敌人，方能向师兄致歉，于是运劲右腿，飞脚踢出。 </s> 张无忌左手拂去，粘引之下，这一脚又踢向鹿杖客小腹丹田。	who said "“师弟，你干甚么？”"?	17	20
People: 杨过; 小龙女; 郭芙; 郭襄; 耶律齐; 郭靖; 黄蓉 </s> “我死到临头，他还要来讥嘲羞辱我一番。” </s> 她究竟是郭靖、黄蓉之女，狠狠的瞪着杨过，竟是毫不畏惧。 </s> 杨过奔到她身边，挺剑刺去，剑身从她腰下穿过，喝道： </s> “小心了！” </s> 左臂向外挥出。 </s> 玄铁剑加上他浑厚内力，郭芙便如腾云驾雾般飞上半空，越过十余株烧得烈焰冲天的大树，扑通一声，掉入了溪水。	who said "“小心了！”"?	8	10
People: 黄蓉; 郭靖 </s> 郭靖道： </s> “我知道。” </s> 黄蓉道： </s> “你倒说说看。” </s> 郭靖道： </s> “人家结成夫妻，那就生孩子。”	who said "“你倒说说看。”"?	8	10
People: 洪七公; 郭靖 </s> “别儿法斯，葛罗乌里……” </s> 一路背完，尽是这般拗舌赘牙的话。 </s> 洪七公哼道： </s> “原来真经中还有念咒捉鬼的本事。” </s> 他本来想再加一句： </s> “装神弄鬼，骗人的把戏。”	who said "“原来真经中还有念咒捉鬼的本事。”"?	8	11
People: 杨过; 武修文 </s> 武修文道： </s> “黄岛主博大精深，文才武略，无所不通，无所谓绝技不绝技。” </s> 杨过道： </s> “这话倒也不错，以剑而论，黄岛主使的是甚么剑法？” </s> 武修文道： </s> “你何必明知故问？黄岛主玉箫剑法独步武林，名震天下，江湖上无人不知。”	who said "“这话倒也不错，以剑而论，黄岛主使的是甚么剑法？”"?	8	10
People: 陆冠英; 程瑶迦 </s> “公子不必太谦，我……我不是……” </s> 随即又是声息全无。 </s> 陆冠英心中一动，想起她曾出过那点头摇头的主意，说道： </s> “小姐，你若是嫌弃陆某，那就摇摇头。” </s> 此话说罢，心中怦怦乱跳，双眼望着她一头柔丝，生怕她这个千娇百媚的脑袋竟会微微一动。 </s> 过了半晌，程瑶迦自顶至脚，连手指头也没半根动弹。	who said "“小姐，你若是嫌弃陆某，那就摇摇头。”"?	8	11
People: 杨过; 小龙女; 马光佐 </s> 但立即想到： </s> “我与他分手，又非出于一时意气。好好恶恶，前后己思虑周详。眼下若无一时之忍，日后贻他终身之患。” </s> 于是将头转过，长叹一声，说道： </s> “我不认得你。你说些甚么，我全不明白。你好好的走罢！” </s> 这几句话说得有气无力，可是言语中充满着柔情蜜意，除了马光佐是个浑人、全无知觉之外，厅上人人皆知她对杨过实怀深情，这几句话乃是违心之言。 </s> 公孙谷主不由得醋意大作，心想：	who said "“我不认得你。你说些甚么，我全不明白。你好好的走罢！”"?	12	15
People: 张无忌; 杨逍; 小昭 </s> 杨逍续道： </s> “我们带小昭来到光明顶上之后，有一日我教不悔武艺，小昭在旁听着，怎知我解释到六十四卦方位之时，不悔尚未领悟，小昭的眼光已射到了正确的方位之上。” </s> 张无忌道： </s> “想是她天资聪颖，悟性比不悔妹子快了一点。” </s> 杨逍道： </s> “初时我也这么想，倒很高兴，但转念一想，起了疑心，故意说了几句极难的口诀，那是我从未教过不悔的。其时日光西照，地火明夷，水火未济，我故意说错了方位，只见她眉头微蹙，竟然发觉了我的错处。从此我便留上了心，知道这小姑娘曾得高人传授，身怀上乘武功，到光明顶上非比寻常，乃是有所为而来。”	who said "“想是她天资聪颖，悟性比不悔妹子快了一点。”"?	8	11
People: 张无忌; 赵敏; 范遥; 鹿杖客; 乌旺阿普 </s> “苦大师，我正在找你。” </s> 范遥点了点头，丝毫不动声色。 </s> 赵敏道： </s> “待会请你陪我到一个地方去一下。” </s> 范遥心中暗暗叫苦： </s> “好容易将鹿杖客骗进了高塔，只待下手夺到他的解药，大功便即告成，哪知道这小丫头却在这时候来叫我。”	who said "“待会请你陪我到一个地方去一下。”"?	13	15
People: 谢逊; 张翠山; 成昆; 空见 </s> 谢逊叹道： </s> “他气息愈来愈弱，我手掌按住他灵台穴，拼命想以内力延续他的性命。他忽然深深吸了口气，问道：‘你师父还没来么？’我道：‘没来。’他道：‘那是不会来的了。’我道：‘大师，你放心，我不会再胡乱杀人，激他出来。但我走遍天涯海角，定要找到他。’他道：‘嗯，不过，你武功不及他……除非……除非……’说到这里，声音越来越低，我把耳朵凑到他的嘴边，只听他道：‘除非……能找到屠龙刀，找到……找到刀中的秘……’他说到这个‘秘’字，一口气接不上来，便此死了。” </s> 直到此刻，张翠山夫妇方始明白，他为甚么苦思焦虑的要探索屠龙刀中的秘密，为甚么平时温文守礼，狂性发作时却如野兽一般，为甚么身负绝世武功，却是终日愁苦……谢逊道： </s> “后来我得到屠龙刀的消息，赶到王盘山岛上来夺刀。五妹，你令尊昔年是我知交好友，亲厚无比，鹰王狮王，齐名当世，后来却翻脸成仇。这中间的种种过节牵连到旁人，却不能跟你说了。我在得刀之前，千方百计的要找寻成昆，得了屠龙刀之后，却反而怕他找上了我，因此要寻个极隐僻的所在，慢慢探寻刀中秘密。为了生怕你们泄露我的行藏，才把你们带同前来。想不到一晃十年，谢逊啊谢逊，你还是一事无成！” </s> 张翠山道： </s> “空见大师临死之时，这番话或许没有说全，他说：‘除非能找到屠龙刀中的秘……’，说不定另有所指。”	who said "“后来我得到屠龙刀的消息，赶到王盘山岛上来夺刀。五妹，你令尊昔年是我知交好友，亲厚无比，鹰王狮王，齐名当世，后来却翻脸成仇。这中间的种种过节牵连到旁人，却不能跟你说了。我在得刀之前，千方百计的要找寻成昆，得了屠龙刀之后，却反而怕他找上了我，因此要寻个极隐僻的所在，慢慢探寻刀中秘密。为了生怕你们泄露我的行藏，才把你们带同前来。想不到一晃十年，谢逊啊谢逊，你还是一事无成！”"?	8	10
People: 杨过; 公孙止 </s> 公孙止一呆，道： </s> “甚么？” </s> 杨过又吟道： </s> “风驰电逝，蹑景追飞。凌厉中原，顾盼生姿。” </s> 诗句是四字一句，剑招也是四招一组，吟到「风驰电逝，蹑景追飞」时剑去奇速，于「凌厉中原，顾盼生姿」这句上却是迅猛之余，继以飘逸。 </s> 公孙止从没见过这路剑法，听他吟得好听，攻势登缓，凝神捉摸他诗中之意，心知他剑招与诗意相合，只要领会了诗义，便能破其剑法。	who said "“风驰电逝，蹑景追飞。凌厉中原，顾盼生姿。”"?	8	10
People: 张无忌; 赵敏; 宋远桥; 莫声谷 </s> 四侠骂不绝口。 </s> 张无忌眼中含泪，并不置答。 </s> 赵敏道： </s> “四位是武林高人，却如此不明事理。莫七侠倘若是张无忌所害，他此刻一剑将你们杀了灭口，有何难处？他忍心杀得莫七侠，难道便不忍心加害你们四位？你们若再口出恶言，我赵敏每人给你们一个耳光。我是奸诈恶毒的妖女，说得出便做得到。当日在万安寺中，我瞧在张公子的份上，对各位礼敬有加。少林、昆仑、峨嵋、华山、崆峒五派高手，人人被我截去了手指。但我对武当诸侠可有半分礼数不周之处么？” </s> 宋远桥等面面相觑，虽然仍是认定张无忌害死了莫声谷，但生怕赵敏当真出手打人，大丈夫可杀不可辱，被这小妖女打上几记耳光，那可是生平奇耻，当下便住口不骂了。 </s> 赵敏微微一笑，向张无忌道：	who said "“四位是武林高人，却如此不明事理。莫七侠倘若是张无忌所害，他此刻一剑将你们杀了灭口，有何难处？他忍心杀得莫七侠，难道便不忍心加害你们四位？你们若再口出恶言，我赵敏每人给你们一个耳光。我是奸诈恶毒的妖女，说得出便做得到。当日在万安寺中，我瞧在张公子的份上，对各位礼敬有加。少林、昆仑、峨嵋、华山、崆峒五派高手，人人被我截去了手指。但我对武当诸侠可有半分礼数不周之处么？”"?	13	15
People: 张无忌; 杨逍; 何足道; 吴劲草 </s> “我也不必去瞧这话是谁说的，峨嵋派不论如何辱骂，我都是罪有应得。” </s> 只听得身后嘲笑之声越来越响，张无忌不再理会，回归明教木棚。 </s> 杨逍冷笑道： </s> “霹雳雷火弹雕虫小技，何足道哉？既奈何不了武当二侠，自亦奈何不了武当嫡传的张教主。你们峨嵋派以借助器械逞能，且让你们见识见识我明教的器械。” </s> 左手一挥，一个白衣童子双手奉上一个小小的木架，架上插满了十余面五色小旗。 </s> 杨逍执起一面白旗，手一扬，白旗落在广场中心，插在地下。	who said "“霹雳雷火弹雕虫小技，何足道哉？既奈何不了武当二侠，自亦奈何不了武当嫡传的张教主。你们峨嵋派以借助器械逞能，且让你们见识见识我明教的器械。”"?	13	15
People: 杨过; 小龙女; 郭襄; 耶律齐 </s> 杨过心想： </s> “此生得与龙儿重会，老天爷实在待我至厚，今日便是死了，也已无憾。男几汉大丈夫为国战死沙场，正是最好的归宿。” </s> 言念及此，精神大振，叫道： </s> “耶律兄，咱们再去冲杀一阵。” </s> 耶律齐道： </s> “再好没有。”	who said "“耶律兄，咱们再去冲杀一阵。”"?	8	10
People: 杨过; 小龙女; 霍都; 黄蓉; 洪七公 </s> 黄蓉心想不错，他这话倒是难以辩驳，正想与他强词夺理一番，杨过已接口道： </s> “你这次说的倒算是人话，这棒法果然非我师父所授，纵然胜得你，谅你也不服。你要见识见识我师父的功夫，丝毫不难。我刚才借用别派功夫，就怕本门功夫用将出来，你输得太惨。” </s> 原来杨过听他说了这番话，回头向小龙女望了一眼，猛然省起： </s> “幸亏这番王提醒了我，若是我用打狗棒法胜他，怎能显出我姑姑的本事？姑姑岂不怪我忘了她传授武功的恩德？” </s> 其实小龙女一派天真，心中充满了对杨过的柔情蜜意，只要眼中看着他，就已心满意足，万事全不挂怀，他胜了固好，败也无妨，均是无甚相干，至于他是否用本门武功，是否听由黄蓉指点，她更是半点也不放在心上。 </s> 霍都心想：	who said "“幸亏这番王提醒了我，若是我用打狗棒法胜他，怎能显出我姑姑的本事？姑姑岂不怪我忘了她传授武功的恩德？”"?	8	10
People: 张无忌; 谢逊; 张翠山; 金花婆婆; 朱长龄; 朱九真; 武烈 </s> 金花婆婆道： </s> “武当派的人怎么知道？张翠山夫妇受诸派勒逼，宁可自刎，也不肯吐露你藏身之所，武当门下自然不知。好，今日我甚么也不必瞒你，我在西域撞到一个名叫武烈的人，他是当年大理段家传人武三通的子孙，阴错阳差，我听他和女儿说话，给我捉摸到了破绽，用酷刑逼他说了出来。” </s> 谢逊沉默半晌，才道： </s> “这个姓武的见过我那无忌孩儿，是不是？想是他骗着小孩儿家，探听到了秘密。” </s> 张无忌听到此处，心下惭愧无已，想起当年自己在朱家庄受欺，朱长龄、朱九真父女以诡计套得自己吐露真情，倘若义父竟尔因此落入奸人手中，自己可真是万死莫赎了。 </s> 义父虽然眼盲，推测这件事却便似亲见一般。	who said "“这个姓武的见过我那无忌孩儿，是不是？想是他骗着小孩儿家，探听到了秘密。”"?	13	15
People: 灵智上人; 欧阳锋; 周伯通; 完颜洪烈 </s> “若是在木筏之上，欧阳先生爱怎么就怎么，旁人岂敢多口？既是上了大船，就得听王爷吩咐。” </s> 此言一出，众人耸然动容，都望着欧阳锋的脸色。 </s> 欧阳锋冷冷的上下打量灵智上人，随即抬头望天，淡淡的道： </s> “这位大和尚是存心要跟老朽为难了？” </s> 灵智上人道： </s> “不敢。小僧向在藏边，孤陋寡闻，今日倒是第一次听到欧阳先生的威名，与先生哪有甚么梁子过节……”	who said "“这位大和尚是存心要跟老朽为难了？”"?	14	17
People: 杨过; 周伯通; 一灯; 裘千仞 </s> “他拜了一灯大师为师，你不知道么？” </s> 说着向后一指。 </s> 周伯通大吃一惊，叫道： </s> “段皇爷也来了么？” </s> 回头遥遥望见一灯，叫道： </s> “出行不利，溜之大吉！”	who said "“段皇爷也来了么？”"?	12	15
People: 殷梨亭; 纪晓芙; 张松溪; 贝锦仪 </s> 纪晓芙的师妹贝锦仪大声咳嗽了一声。 </s> 两人羞得满面通红，一齐转头。 </s> 贝锦仪噗哧一声笑了出来，低声道： </s> “师姊，这位殷师哥比你还会害臊。” </s> 突然之间，纪晓芙身子颤抖了几下，脸色惨白，眼眶中泪珠莹然。 </s> 张松溪一直在盘算敌我情势，见峨嵋六弟子到来，稍稍宽心，暗想：	who said "“师姊，这位殷师哥比你还会害臊。”"?	23	26
People: 张无忌; 赵敏; 谢逊; 金花婆婆 </s> “小老儿，你尊姓大名啊？假扮水手，一路跟着我老婆婆，却是为何？在金花婆婆面前弄鬼，你还要性命不要？” </s> 张无忌不擅撒谎，一怔之下，答不上来。 </s> 赵敏放粗了嗓子说道： </s> “咱们巨鲸帮向在海上找饭吃，做的是没本钱买卖。老婆婆出的金子多，便送你一趟又待如何？这位兄弟瞧着丐帮恃多欺人，出手相援，原是好意，没料到谢大侠武功如此了得，倒显得我们多事了。” </s> 她学的虽是男子声调，但仍不免尖声尖气，听来十分刺耳。 </s> 只是她化装精妙，活脱是个黄皮精瘦的老儿，金花婆婆倒也没瞧出破绽。	who said "“咱们巨鲸帮向在海上找饭吃，做的是没本钱买卖。老婆婆出的金子多，便送你一趟又待如何？这位兄弟瞧着丐帮恃多欺人，出手相援，原是好意，没料到谢大侠武功如此了得，倒显得我们多事了。”"?	13	15
People: 丘处机; 郭啸天 </s> 郭啸天也吃了一惊，叫道： </s> “遮莫不是长春子吗？” </s> 丘处机笑道： </s> “这是道侣相赠的贱号，贫道愧不敢当。” </s> 郭啸天道： </s> “原来是全真派大侠长春子，真是有幸相见。”	who said "“这是道侣相赠的贱号，贫道愧不敢当。”"?	8	11
People: 郭靖; 黄蓉 </s> 黄蓉摇头道： </s> “我已整整想了一天一晚啦。靖哥哥，若说单打独斗，天下胜得过你的只二三人而已，就说敌人有十人百人，自也不在咱俩心上。可是现下敌军是千人、万人、十万人，那有什么法子？” </s> 郭靖叹道： </s> “咱们大宋军民比蒙古人多上数十倍，若能万众一心，又何惧蒙古兵精？恨只恨官家胆小昏庸、虐民误国。” </s> 黄蓉道： </s> “蒙古兵不来便罢，若是来了，咱们杀得一个是一个，当真危急之际，咱们还有小红马可赖。天下事原也忧不得这许多。”	who said "“咱们大宋军民比蒙古人多上数十倍，若能万众一心，又何惧蒙古兵精？恨只恨官家胆小昏庸、虐民误国。”"?	8	10
People: 张无忌; 周芷若; 灭绝师太; 宋青书; 纪晓芙 </s> “见到三次甚么？” </s> 周芷若扶着他肩头，颤巍巍的站了起来，回头望了一眼。 </s> 望这一眼似是使了极大力气，立即又转眼向着张无忌，见到他温柔关怀的神色，心中一酸，全身乏力，软倒在地，说道： </s> “无忌哥哥，我……我都是骗你的，倚天剑和屠龙刀是我盗的……殷……殷姑娘是我杀……杀的，谢大侠是我下手点的穴道。我……我没嫁宋青书。我心中实在……实在自始至终，便只有一个你。” </s> 张无忌叹道： </s> “这些事情，我都知道，可是……可是你又何苦如此？”	who said "“无忌哥哥，我……我都是骗你的，倚天剑和屠龙刀是我盗的……殷……殷姑娘是我杀……杀的，谢大侠是我下手点的穴道。我……我没嫁宋青书。我心中实在……实在自始至终，便只有一个你。”"?	13	16
People: 张无忌 </s> “援军已到，大伙儿冲啊！” </s> 山上群雄各挺兵刃，冲杀下去。 </s> 张无忌又叫： </s> “各位英雄，先杀官，后杀兵。” </s> 群雄纷纷呐喊： </s> “先杀官，后杀兵！”	who said "“各位英雄，先杀官，后杀兵。”"?	8	11
People: 张无忌; 谢逊; 周芷若; 成昆 </s> “谁来听你这瞎子胡说八道。” </s> 他一开口说话，张无忌立时辨认了出来，那日光明顶上他身处布袋之中，曾听成昆长篇大论的说话，对他语音记得清清楚楚，此刻成昆虽故意逼紧喉咙，身形容貌更乔装得十分巧妙，但语音终究难变。 </s> 张无忌纵身跃出，截住了他后路，说道： </s> “圆真大师，成昆前辈，大丈夫光明磊落，何不以本来面目示人？” </s> 成昆乔装改扮，潜伏在人丛之中，始终不露破绽，可是当那黄衫女子制服周芷若之际，他大出意料之外，忍不住轻轻一声咳嗽，谢逊双眼盲后耳音特灵，对他又是记着铭心刻骨的血仇。 </s> 就谢逊而言，这一声咳嗽不啻是个晴天霹雳，立时便将他认了出来。	who said "“圆真大师，成昆前辈，大丈夫光明磊落，何不以本来面目示人？”"?	8	11
People: 郭靖; 周伯通 </s> 周伯通道： </s> “是啊，说到资质，你确是不算聪明的了。” </s> 郭靖道： </s> “兄弟天资鲁钝，不论读书习武，进境都慢得很。” </s> 周伯通叹道： </s> “读书的事你不大懂，咱们只说学武。师父教你一套拳法掌法，只怕总得教上几十遍，你才学会罢？”	who said "“兄弟天资鲁钝，不论读书习武，进境都慢得很。”"?	8	10
People: 张无忌; 赵敏 </s> 张无忌道： </s> “老实跟你说罢，我对你是又爱又恨，对芷若是又敬又怕。” </s> 赵敏笑道： </s> “哈哈！我宁可你对我又爱又怕，对她是又敬又恨。” </s> 张无忌笑道： </s> “现下又不同了，我对你是又恨又怕，恨的是你拆散了我美满姻缘，怕的是你不肯赔我。”	who said "“哈哈！我宁可你对我又爱又怕，对她是又敬又恨。”"?	13	15
People: 张翠山; 殷素素; 空闻; 俞莲舟 </s> 张翠山道： </s> “这个……” </s> 殷素素插口道： </s> “这不关他的事，都是我杀的。” </s> 俞莲舟望了她一眼，目光中流露出极痛恨的神色，但这目光一闪即隐，脸上随即回复平和，说道： </s> “我原知五弟决不会胡乱杀人。为了这事，少林派曾三次遣人上武当山来理论，但五弟突然失踪，武林中尽皆知闻，这回事就此没了对证。我们说少林派害了三哥，少林派说五弟杀了他们数十条人命。好在少林寺掌门住持空闻大师老成持重，尊敬恩师，竭力约束门下弟子，不许擅自生事，十年来才没酿成大祸。”	who said "“这不关他的事，都是我杀的。”"?	13	16
People: 傻姑; 黄蓉 </s> 黄蓉道： </s> “你回家干甚么？你家里死过人，有鬼。” </s> 傻姑「啊」的一声，惊道： </s> “啊，我家里有鬼，有鬼！我不回去啦。” </s> 黄蓉道： </s> “那个人是准杀的？”	who said "“啊，我家里有鬼，有鬼！我不回去啦。”"?	8	10
People: 郭襄; 金轮法王 </s> 正自怔怔的出神，忽听得金轮法王「啊哟、啊哟」的大声呻吟。 </s> 郭襄转过身来，只见他脸上肌肉抽搐，显是在忍受极大痛苦。 </s> 郭襄哼了一声，说道： </s> “你这是自作自受，谁叫你动不动便出于杀人？” </s> 法王「啊哟、啊哟」叫得更加响了，眼光中露出哀求之色。 </s> 郭襄忍不住问道：	who said "“你这是自作自受，谁叫你动不动便出于杀人？”"?	8	10
People: 杨过; 小龙女; 裘千尺; 公孙止; 公孙绿萼; 郭靖; 黄蓉 </s> 杨过对这人自是绝无好感，此人已丧一目，闭穴内功又破，虽然其他武功未失，要追杀他谅亦不难，不过他是公孙绿萼之父，这姑娘对自己一片痴情，杀她父亲，未免大伤其心，一时不禁踌躇难答。 </s> 小龙女心中也觉公孙止虽恶，对己总是有救命之恩，但瞧裘千尺的神色，若不办到此事，她的丹药无论如何不会给杨过的了。 </s> 裘千尺见二人脸上有为难之意，冷然道： </s> “我也不知这二人和你们有甚瓜葛牵连，但我是非杀这二人不可。” </s> 说着将半枚丹药在手中轻轻一抛。 </s> 杨过听她语气，所说的似乎并非公孙止，于是问道：	who said "“我也不知这二人和你们有甚瓜葛牵连，但我是非杀这二人不可。”"?	17	20
People: 黄蓉; 郭靖; 洪七公; 王处一; 丘处机; 黄药师; 马钰 </s> 丘处机、王处一手持长剑，当先开路，双剑合壁，舞成一团剑花，抵挡箭雨。 </s> 郭靖右手拉着洪七公，左手伸出去与人相握，触手处温软油腻，握到的却是黄蓉的小手。 </s> 他心中一怔，急忙放下，只听黄蓉冷冷的道： </s> “谁要你来睬我？” </s> 猛听得丘处机叫道： </s> “快回头，前面遍地毒蛇，闯不过去！”	who said "“谁要你来睬我？”"?	8	10
People: 杨逍; 周颠; 彭莹玉; 空见; 阳顶天; 阳教主 </s> 圆真哈哈一笑，又迈了一步，说道： </s> “你若不知晓其中底细，当真是死不瞑目。你问我怎能知道光明顶的秘道，何以能越过重重天险，神不知鬼不党的上了山巅。好，我跟各位实说了，是贵教阳顶天教主夫妇两人，亲自带我上来的。” </s> 杨逍一凛，暗道： </s> “以他身分，决不致会说谎话，但此事又怎能够？” </s> 只听周颠已骂了起来： </s> “放你十八代祖宗的累世狗屁！这秘道是光明顶的大秘密，是本教的庄严圣境。杨左使虽是光明使者，韦大哥是护教法王，也从来没有走过，自来只有教主一人，才可行此秘道。阳教主怎会带你一个外人行此秘道？”	who said "“以他身分，决不致会说谎话，但此事又怎能够？”"?	8	10
People: 张无忌; 胡青牛; 简捷 </s> 胡青牛隔着布帘，听得极是仔细，有不明白之处，叫张无忌出去看过回来再说。 </s> 张无忌花了大半个时辰，才将十五人的伤势细细说完。 </s> 胡青牛口中不断「嗯，嗯」答应，显是在用心思索，过了良久，说道： </s> “哼，这些怪伤，却也难我不倒……” </s> 张无忌身后忽有人接口道： </s> “胡先生，那金花的主人叫我跟你说：‘你枉称医仙，可是这一十五种奇伤怪毒，料你一种也医不了。’哈哈，果然你只有躲将起来，假装生病。”	who said "“哼，这些怪伤，却也难我不倒……”"?	13	16
People: 张无忌; 彭莹玉; 韩林儿 </s> 彭莹玉笑道： </s> “劝甚么？” </s> 向张无忌道： </s> “启禀教主，没访到有关金毛狮王的甚么讯息。” </s> 张无忌「嗯」了一声，神色甚是忸怩。 </s> 彭莹玉向韩林儿道：	who said "“启禀教主，没访到有关金毛狮王的甚么讯息。”"?	13	16
People: 张无忌; 灭绝师太; 宋青书 </s> “母亲是见不到了，几时能见外公和舅舅一面呢？” </s> 这时天鹰教人众便在附近，只想看看外公舅舅是不是也在其间，实不愿便此离去。 </s> 宋青书上一步，对灭绝师太道： </s> “前辈，咱们快些处决了锐金旗，转头再对付天鹰教，兔有后顾之忧。” </s> 灭绝师太点点头。 </s> 东方朝日将升，朦朦胧胧的光芒射在灭绝师太高大的身形之上，照出长长的影子，威武之中，带着几分凄凉恐怖之感。	who said "“前辈，咱们快些处决了锐金旗，转头再对付天鹰教，兔有后顾之忧。”"?	19	22
People: 杨过; 武三通 </s> 杨过听他自承，说道： </s> “武老伯，小侄杨过，从前与敦儒、修文二兄曾同在桃花岛郭大侠府上寄居，对老伯威名一直仰慕得紧。” </s> 武三通点了点头，道： </s> “你在这儿干么？啊，是了，敦儒与修文要在此处比武，你是作公证人来着。哼哼，你既是他们知交，怎不设法劝阻？反而推波助澜，好瞧瞧热闹，那算得是甚么朋友？” </s> 说到后来，竟是声色俱厉，将满腔怒火发泄在杨过身上，口中喝骂，脚下踏步上前，举起巨掌，便要教训这大亏友道的小子。 </s> 杨过见他虬髯戟张，神戚凛凛，心想没来由的何必和他动手，退开两步，陪笑道：	who said "“你在这儿干么？啊，是了，敦儒与修文要在此处比武，你是作公证人来着。哼哼，你既是他们知交，怎不设法劝阻？反而推波助澜，好瞧瞧热闹，那算得是甚么朋友？”"?	12	15
People: 杨过; 郭靖 </s> 杨过应道： </s> “是。” </s> 隔了半刻，杨过终于忍耐不住，说道： </s> “郭伯伯，那一年你送我到重阳宫学艺，在终南山脚下牛头寺中，我曾问过你一句话。” </s> 郭靖道： </s> “怎么？”	who said "“郭伯伯，那一年你送我到重阳宫学艺，在终南山脚下牛头寺中，我曾问过你一句话。”"?	8	10
People: 张无忌; 赵敏 </s> 赵敏道： </s> “为甚么？” </s> 张无忌道： </s> “你是害死我表妹的凶手，我岂能和仇人同行？” </s> 赵敏道： </s> “好，你独自去罢！”	who said "“你是害死我表妹的凶手，我岂能和仇人同行？”"?	8	11
People: 张无忌; 杨逍; 空智; 殷天正; 宗维侠 </s> 结果天鹰教各堂各坛、明教五行旗，及光明顶上杨逍属下的雷电风云四门中的好手，还是一个个非死即伤，最后只剩下殷天正一人。 </s> 但他既未认输，便不能上前屠戮。 </s> 张无忌知道外公虽比先前好了些，却万万不能运劲使力，他所以要接宗维侠的拳招，只不过是护教力战，死而后已，于是低声道： </s> “殷老前辈，待我来替你先接，晚辈不成时，老前辈再行出马。” </s> 殷天正已瞧出他内力深厚无比，自己便在绝无伤势之下，也是万万不及，但想自己为教而死，理所当然，这少年不知有何干系，他本领再强，也决计敌不过对方败了一个又来一个、源源不绝的人手，到头来还不是和自己一样，重伤力竭，任人宰割，如此少年英才，何必白白的断送在光明顶上？当下问道： </s> “小友是哪一位门下，似乎不是本教教徒，是吗？”	who said "“殷老前辈，待我来替你先接，晚辈不成时，老前辈再行出马。”"?	8	11
People: 杨过; 金轮法王; 潇湘子; 尹克西; 郭靖; 黄蓉; 武氏 </s> 杨过道： </s> “小侄没曾留心。两位武兄也没跟我说过什么。料来两位武兄定是见城困难解，心中忧急，想到敌营去刺杀蒙古大将，若是得手，倒是奇功一件。” </s> 郭靖叹了口气，指着桌上的两把剑，道： </s> “便算存心不错，可是太过不自量力，兵刃部给人家缴下，送了回来啦。” </s> 这一着颇出杨过意料之外，他早猜到武氏兄弟此去必难得逞，以他二人的武功智慧，焉能在法王、尹克西、潇湘子等人手下讨得了好去？却想不到只几个时辰之间，二人的兵器也给送了回来。 </s> 郭靖拿起压在双剑之下的，一封书信，交给杨过，与黄蓉对望一眼，两人部摇了摇头。	who said "“便算存心不错，可是太过不自量力，兵刃部给人家缴下，送了回来啦。”"?	28	30
People: 杨过; 赵志敬 </s> “我全真派功夫，乃是从内练出外，与外家功夫自外向内者不同。现下我传你本门心法，你要牢牢记住了。” </s> 当下将全真派的入门内功口诀，说了一遍。 </s> 杨过只听了一遍，就已记在心里，寻思： </s> “这长胡子老山羊恼我恨我，岂肯当真传授功夫？他多半教我些没用的假口诀作弄人。” </s> 过了一会，假装忘却，又向赵志敬请教。 </s> 赵志敬照旧说了。	who said "“这长胡子老山羊恼我恨我，岂肯当真传授功夫？他多半教我些没用的假口诀作弄人。”"?	8	10
People: 郭靖; 周伯通; 洪七公 </s> 只是海浪太大，虽然身子随波起伏，似乎逍遥自在，但要前进后退，却也不易任意而行。 </s> 他正玩得起劲，毫没理会眼前的危险。 </s> 郭靖放眼四望，坐船早为波涛吞没，众船夫自也已尽数葬身海底，忽听周伯通大声惊呼： </s> “啊哟，乖乖不得了！老顽童这一下可得粉身碎骨。” </s> 洪七公与郭靖听他叫声惶急，齐问： </s> “怎么？”	who said "“啊哟，乖乖不得了！老顽童这一下可得粉身碎骨。”"?	12	15
People: 杨过; 小龙女; 林朝英; 王重阳 </s> 当下又拿起一封。 </s> 那信中所述，更是危急，王重阳所率义军因寡不敌众，连遭挫败，似乎再也难以支撑，信未询问林朝英的伤势，虽只寥寥数语，却是关切殊殷。 </s> 杨过道： </s> “嗯，当年祖师婆婆也受过伤，后来自然好了。你的伤势慢慢将养，便算须得将养一年半载，终究也会痊可。” </s> 小龙女淡淡一笑，她自知这一次负伤非同寻常，若是这等重伤也能治愈，只怕天下竟有不死之人了，但说过今晚不提扫兴之事，纵然杨过不过空言相慰，也就当他是真，说道： </s> “慢慢将养便是了，又急甚么？这些信中也无私秘，你就读完了罢！”	who said "“嗯，当年祖师婆婆也受过伤，后来自然好了。你的伤势慢慢将养，便算须得将养一年半载，终究也会痊可。”"?	8	10
People: 郭靖; 拖雷; 韩小莹; 柯镇恶 </s> 七人掉转马头，纵马东行。 </s> 郭靖怔怔的望着他们。 </s> 拖雷道： </s> “郭靖，回去罢。” </s> 这时七人已走出一段路，但柯镇恶耳音锐敏之极，听到「郭靖」两字，全身大震，立即提缰，回马转来，问道： </s> “孩子，你姓郭？你是汉人，不是蒙古人？”	who said "“郭靖，回去罢。”"?	12	14
People: 梁子翁; 郭靖; 完颜康; 王处一 </s> 惊惧之下，背上又被完颜康连打了两拳。 </s> 只是体内难受无比，相形之下，身上中拳已不觉如何疼痛。 </s> 梁子翁怒喝道： </s> “小贼，谁指使你来盗我宝蛇？” </s> 他想这宝蛇古方隐密异常，谅郭靖这毛头小子决不能知道，必是另有高人指点了他来下手，十之八九便是王处一。 </s> 郭靖也是心中大怒，叫道：	who said "“小贼，谁指使你来盗我宝蛇？”"?	8	11
People: 张无忌; 韦一笑; 冷谦; 闻苍松 </s> 青翼蝠王韦一笑及冷谦等五散人站在张无忌身后卫护。 </s> 人人肃静，只候教主令下。 </s> 张无忌缓缓说道： </s> “敌人来攻本教重地，咱们虽要善罢，亦已不得。但本人实不愿多所杀伤，务希各位体念此意。天鹰教由殷教主率领，自西攻击。五行旗由巨木旗掌旗使闻苍松总领，自东攻击。杨左使率领天字门、地字门，启北攻击。五散人率领风字门、雷字门，自南攻击。韦蝠王与本人居中策应。” </s> 众人一齐躬身应命。 </s> 张无忌左手一挥，低声道：	who said "“敌人来攻本教重地，咱们虽要善罢，亦已不得。但本人实不愿多所杀伤，务希各位体念此意。天鹰教由殷教主率领，自西攻击。五行旗由巨木旗掌旗使闻苍松总领，自东攻击。杨左使率领天字门、地字门，启北攻击。五散人率领风字门、雷字门，自南攻击。韦蝠王与本人居中策应。”"?	8	11
People: 殷梨亭; 殷天正; 唐文亮; 俞莲舟 </s> 两人说过不比内力，斗到此处，无法再行继续，便以和局收场。 </s> 武当派中尚有俞莲舟和殷梨亭两大高手未曾出场，只见殷天正脸颊胀红，头顶热气袅袅上升，适才这一场比试虽然不耗内力，但对手实在太强，却已是竭尽心智，眼见他已强弩之末，俞殷二侠任何一人下场，立时便可将他打倒，稳享「打败白眉鹰王」的美誉。 </s> 俞莲舟和殷梨亭对望一眼，都摇了摇头，均想： </s> “乘人之危，胜之不武。” </s> 他武当二侠不欲乘人之危，旁人却未必都有君子之风，只见崆峒派中一个矮小老者纵身而出，正是适才高叫焚烧明教历代主牌之人，轻飘飘的落在殷天正面前，说道： </s> “我姓唐的跟你殷老儿玩玩！”	who said "“乘人之危，胜之不武。”"?	23	26
People: 张无忌; 杨逍; 韦一笑; 杨不悔 </s> 杨不悔应道： </s> “是。” </s> 眼望着张无忌，突然脸上一红，低声道： </s> “无忌哥哥，我有几句话要跟你说。” </s> 杨逍和韦一笑等三人心下暗笑： </s> “他二人是青梅竹马之交，少不得有几句体己的话儿要说。”	who said "“无忌哥哥，我有几句话要跟你说。”"?	22	25
People: 杨过; 裘千尺; 绿萼 </s> “我怎么了？谅你这区区绝情谷也难不了人。” </s> 他面向大厅，裘千尺看得明白，因此眉目之间不敢丝毫有异。 </s> 绿萼骂道： </s> “我恨不得将你一劈两半，剖出你的心来瞧瞧……” </s> 口一张，噗的一声，吐出一枚枣核，向杨过迎面飞去。 </s> 杨过伸手接住，冷笑道：	who said "“我恨不得将你一劈两半，剖出你的心来瞧瞧……”"?	17	19
People: 黄蓉; 黄药师; 郭靖 </s> 黄药师哼了一声，道： </s> “那也罢了！” </s> 喝道： </s> “喂，小子，那么你把这番邦女子杀了，表明自己心迹。” </s> 郭靖一生之中从未遇过如此为难之事，他心思本就迟钝，这时听了黄药师之言，茫然失措，呆呆的站在当地，不知如何是好。 </s> 黄药师冷冷的道：	who said "“喂，小子，那么你把这番邦女子杀了，表明自己心迹。”"?	12	15
People: 黄蓉; 郭靖; 欧阳锋 </s> 两人侵倚着坐了片刻，郭靖道： </s> “蓉儿，我听大师父说，你在铁枪庙里被欧阳锋逼着同行，后来怎生逃出了他手掌？” </s> 黄蓉叹道： </s> “就只可惜了陆师哥好好一座归云庄。老毒物那日逼我跟他讲解《九阴真经》，我说讲解不难，但须得有个清净所在。老毒物说这个自然，咱们去僻静之地找所寺院。我说寺院中和尚讨厌，我又不爱吃素。老毒物说那怎么办。我说太湖旁有座归云庄，风景既美，酒菜又好，只不过庄主是我朋友，未免令他放心不下。” </s> 郭靖道： </s> “是啊，他定然不肯去。”	who said "“就只可惜了陆师哥好好一座归云庄。老毒物那日逼我跟他讲解《九阴真经》，我说讲解不难，但须得有个清净所在。老毒物说这个自然，咱们去僻静之地找所寺院。我说寺院中和尚讨厌，我又不爱吃素。老毒物说那怎么办。我说太湖旁有座归云庄，风景既美，酒菜又好，只不过庄主是我朋友，未免令他放心不下。”"?	8	10
People: 黄药师; 谭处端; 欧阳锋; 马钰; 梅超风 </s> 他下手攻击谭处端只用了三成力，现下这一推却是他毕生功力之所聚，乘着黄药师力敌四子、分手不暇之际，一举就要将他毙于掌下。 </s> 他已算定先将七子打死了一人，再行算计黄药师，那么天罡北斗阵已破，七子纵使翻脸寻仇，他也毫不畏惧。 </s> 这一下毒招变起俄顷，黄药师功夫再高，也不能前挡四子，后敌西毒，暗叫： </s> “我命休矣！” </s> 只得气凝后背，拼着身后重伤，硬接他蛤蟆功的这一击。 </s> 欧阳锋这一推劲力极大，去势却慢，眼见狡计得逞，正自暗喜。	who said "“我命休矣！”"?	8	11
People: 郭靖; 欧阳克; 杨康; 穆念慈; 王处一; 丘处机; 黄药师; 拖雷; 华筝 </s> 丘处机接了过来，反复抚挲，大是伤怀，叹了几口气，说道： </s> “十九年前，我在此处与你父及你郭伯父相交，忽忽十余年，两位故人都已归于黄土。他二人之死，实是为我所累。我无力救得你父母性命，尤为终生恨事。” </s> 郭靖在隔室听他怀念自己父亲，心中难过： </s> “丘道长尚得与我父论交，我却是连父亲之面也不得一见。杨兄弟能和他爹爹相会，可又胜于我了。” </s> 丘处机又问黄药师如何杀死郭靖，杨康信口胡诌一番。 </s> 马丘王三人与郭靖有旧，均各叹息不止。	who said "“丘道长尚得与我父论交，我却是连父亲之面也不得一见。杨兄弟能和他爹爹相会，可又胜于我了。”"?	8	10
People: 杨过; 周伯通; 瑛姑 </s> 周伯通倏然变色，双手乱摇，厉声道： </s> “杨兄弟，你只要再提一句，就请立即出我百花谷去，休怪我老顽童翻脸不认人。” </s> 杨过大袖一挥，说道： </s> “周老兄，你想逐我出这百花谷，却也不那么容易。” </s> 周怕通笑道： </s> “嘿嘿，难道你想跟我动手不成？”	who said "“周老兄，你想逐我出这百花谷，却也不那么容易。”"?	8	10
People: 杨过; 小龙女; 郭芙; 金轮法王; 裘千尺; 郭靖; 黄蓉 </s> 小龙女近日来一直在想如何杀了郭靖、黄蓉，好救杨过的性命，但此时听黄蓉亲口说出这番话来，心中又觉万分过意不去，只是不住摇头，道： </s> “那不成，那不成！” </s> 黄蓉还待解释，忽听郭芙在门外叫道： </s> “妈，妈，你在哪儿？” </s> 语声甚是惶急。 </s> 黄蓉吃了一惊，问道：	who said "“妈，妈，你在哪儿？”"?	36	38
People: 周伯通; 黄蓉; 郭靖 </s> 这句话倒颇为有理，黄蓉一时难以辩驳，便跟他蛮来，说道： </s> “皇宫里的厨子偏偏又管做菜，又管拿人。” </s> 周伯通瞠目不知所对，隔了半晌，才道： </s> “好罢，又算是我错啦。” </s> 黄蓉道： </s> “甚么算不算的，压根儿就是你错。”	who said "“好罢，又算是我错啦。”"?	8	11
People: 张无忌; 赵敏; 王保保 </s> 两人稍稍宽心，料想王保保遣人追拿，也不易寻到这条偏僻小路上来，只要挨到天黑，入了深山，便有转机。 </s> 正行之间，忽听得身后马蹄声响，两匹马急驰而来。 </s> 赵敏花容失色，抱着张无忌的腰，说道： </s> “我哥哥来得好快，咱们苦命，终于难脱他的毒手。无忌哥哥，让我跟他回府，设法求恳爹爹，咱们徐图后会。天长地久，终不相负。” </s> 张无忌苦笑道： </s> “令兄未必便肯放过了我。”	who said "“我哥哥来得好快，咱们苦命，终于难脱他的毒手。无忌哥哥，让我跟他回府，设法求恳爹爹，咱们徐图后会。天长地久，终不相负。”"?	13	15
People: 张翠山; 殷素素; 无色; 觉远; 郭襄; 俞莲舟 </s> “恩师也猜想不出，他说或许这是少林寺后世的一位高僧所作，却假托了达摩老祖的名头。恩师心想于《九阳真经》既所知不全，难道自己便创制不出？他每年闭关苦思，便是想自开一派武学，与世间所传的各门武功全然不同。” </s> 张翠山和殷素素听了，都慨然赞叹。 </s> 俞莲舟道： </s> “当年听得觉远祖师传授《九阳真经》的，共有三位。一是恩师，一是少林派的无色大师，另一位是个女子，那便是峨嵋派的创派祖师郭襄郭女侠。” </s> 殷素素道： </s> “我曾听爹爹说，郭女侠是位大有来头的人物，她父亲是郭靖郭大侠，母亲是丐帮的黄帮主黄蓉，当年襄阳失陷，郭大侠夫妇双双殉难。”	who said "“当年听得觉远祖师传授《九阳真经》的，共有三位。一是恩师，一是少林派的无色大师，另一位是个女子，那便是峨嵋派的创派祖师郭襄郭女侠。”"?	30	33
People: 张无忌; 掌棒龙头; 执法长老; 传功长老 </s> 张无忌先是一怔，随即明白，这些古怪的呼叫举动，旨在扰乱敌人心神。 </s> 只见群丐脚步错杂，然进退趋避，却是严谨有法。 </s> 传功长老喝道： </s> “且住！” </s> 退了两步，横剑当胸。 </s> 执法长老和掌棒龙头也各跃开。	who said "“且住！”"?	25	29
People: 谢逊; 张翠山; 殷素素 </s> 猛听得谢逊在舱中大声喝彩： </s> “好曲子，好曲子，殷姑娘，你比这个假仁假义的张相公，可合我心意得多了。” </s> 殷素素道： </s> “我和你都是恶人，将来都没好下场。” </s> 张翠山低声道： </s> “倘若你没好下场，我也跟你一起没好下场。”	who said "“我和你都是恶人，将来都没好下场。”"?	17	20
People: 杨康; 郭靖; 黄蓉; 完颜洪烈 </s> 只听完颜洪烈道： </s> “我大金正隆年间，金主亮见到柳永这首词，对西湖风景欣然有慕，于是当派遣使者南下之时，同时派了一个著名画工，摹写一幅临安城的山水，并图画金主的状貌，策马立在临安城内的吴山之顶。金主在画上提诗道：‘万里车书尽混同，江南岂有别疆封？提兵百万西湖上，立马吴山第一峰！’” </s> 杨康赞道： </s> “好豪壮的气概！” </s> 郭靖听得恼怒之极，只捏得手指格格直响。 </s> 完颜洪烈叹道：	who said "“好豪壮的气概！”"?	8	10
People: 周芷若; 宋青书; 莫声谷; 俞莲舟 </s> 俞莲舟厉声道： </s> “阁下不住口的说‘比武较量’，想必武学上有过人的造诣了。我师父幼时曾受贵派郭女侠的大恩，累有严训，武当弟子不敢与峨嵋派动手。在下要问个明白，阁下是否真是峨嵋弟子，姓甚名谁？大丈夫光明磊落，有何可以隐瞒之处？” </s> 周芷若拂尘微举，说道： </s> “俞二侠，本座也不必瞒你，此人是本座夫君，姓宋名青书，原本系出武当，此刻却已转入峨嵋门下。俞二侠有何说话，只管冲着本座言讲便是。” </s> 她这几句话声音清朗，冷冷说来，犹如水激寒冰、风动碎玉，加之容貌清丽，出尘如仙，广场上数千豪杰，谁都不作一声，人人凝气屏息的倾听。 </s> 宋青书伸手在脸上一抹，拉去粘着的短须，一整衣冠，登时成为一个脸如冠玉的英俊少年。	who said "“俞二侠，本座也不必瞒你，此人是本座夫君，姓宋名青书，原本系出武当，此刻却已转入峨嵋门下。俞二侠有何说话，只管冲着本座言讲便是。”"?	8	11
People: 霍都; 朱子柳; 郭靖; 黄蓉 </s> 霍都道： </s> “正是如此。” </s> 黄蓉向身旁众人低声道： </s> “咱们胜定啦。” </s> 郭靖道： </s> “怎么？”	who said "“咱们胜定啦。”"?	21	23
People: 郭靖; 黄蓉; 完颜洪烈 </s> 她料知棺材中必是完颜洪烈躲着，但她总是胆小，生怕万一真是僵尸，那可怎么办？颤声道： </s> “靖哥哥，慢着。” </s> 郭靖停步回头，说道： </s> “怎么？” </s> 黄蓉道： </s> “你快按住棺材盖，别让里面……里面的东西出来。”	who said "“怎么？”"?	8	10
People: 杨过; 小龙女; 黄蓉 </s> 他这番话似是奉承谷主，用意却在刺伤杨过。 </s> 杨过一听此言，果是脸色大变，全身发颤，突然间喉头微甜，一口鲜血喷在地下。 </s> 那白衣女郎见此情状，颤声道： </s> “你……你……” </s> 急忙站起，伸手欲扶，但终于强自忍住，跟着也是一口鲜血吐在胸口，白衣上赤血殷然。 </s> 这柳姑娘正是小龙女的化名。	who said "“你……你……”"?	12	15
People: 黄药师; 郭靖; 黄蓉; 裘千仞; 拖雷; 华筝; 欧阳锋; 哲别 </s> 这番情由有的是华筝所知，有的她也莫名其妙，她拉着郭靖的手，只是咭咭咯咯的说个不已。 </s> 黄蓉看她与郭靖伸情如此亲密，心中已有三分不喜，而她满口蒙古说话，自己一句也不懂，更是大不耐烦。 </s> 黄药师见女儿神色有异，问道： </s> “蓉儿，这番邦女子是谁？” </s> 黄蓉黯然道： </s> “是靖哥哥没过门的妻子。”	who said "“蓉儿，这番邦女子是谁？”"?	8	11
People: 黄蓉; 周伯通 </s> “为甚么？” </s> 他口中不停，拳脚上丝毫不缓。 </s> 黄蓉叫道： </s> “你不听我吩咐，我可要将你的臭史抖出来啦。” </s> 周伯通道： </s> “甚么臭史？胡说八道。”	who said "“你不听我吩咐，我可要将你的臭史抖出来啦。”"?	8	10
People: 周伯通; 郭靖 </s> 郭靖道： </s> “那再好也没有了。只不过蓉儿说就会设法来放咱们出去……” </s> 周伯通道： </s> “她放了咱们出去没有？” </s> 郭靖道： </s> “那倒还没有。”	who said "“她放了咱们出去没有？”"?	8	11
People: 黄蓉; 郭靖; 洪七公; 黄药师 </s> 郭靖道： </s> “不用！” </s> 正要上前，黄蓉又道： </s> “且慢，还有一事须得言明。若是你们两位前辈在三百招之内都不能将靖哥哥打败，那便如何？” </s> 洪七公哈哈大笑，道： </s> “黄老邪，我初时尚羡你生得个好女儿，这般尽心竭力的相助爹爹，咳，哪知女生外向，却是颠扑不破的至理。她一心要傻小子得那武功天下第一的称号啊！”	who said "“且慢，还有一事须得言明。若是你们两位前辈在三百招之内都不能将靖哥哥打败，那便如何？”"?	8	10
People: 杨铁心; 曲三 </s> 杨铁心跟浑家包氏说了，今晚整治酒肴，请义兄夫妇过来饮酒赏雪。 </s> 吃过中饭后，他提了两个大葫芦，到村头酒店去沽酒，到得店前，却见一对板门关得紧紧地，酒帘也收了起来。 </s> 杨铁心打了几下门，叫道： </s> “曲三哥，跟你沽三斤酒。” </s> 却不听得应声。 </s> 隔了一会，他又叫了儿声，屋内仍无应声，走到窗边向内一张，只见桌上灰尘积得厚厚地，心想：	who said "“曲三哥，跟你沽三斤酒。”"?	8	11
People: 张无忌; 杨逍 </s> “本教历代均遭严禁，但始终屹立不倒。南宋绍兴四年，有个官员叫做王居正，对皇帝上了一道奏章，说到本教之事，教主可以一观。” </s> 说着翻到书中一处，抄录着王居正那道奏章。 </s> 张无忌看那奏章中写道： </s> “伏见两浙州县有吃菜事魔之俗。方腊以前，法禁尚宽，而事魔之俗犹未至于甚炽。方腊之后，法禁愈严，而事魔愈不可胜禁。……臣闻事魔者，每乡每村有一二桀黠，谓之魔头，尽录其乡村姓氏名字，相与诅盟为魔之党。凡事魔者不肉食。而一家有事，同党之人皆出力以相赈恤。盖不肉食则费省，费省故易足。同党则相亲，相亲则相恤而事易济……” </s> 张无忌读到这里，说道： </s> “那王居正虽然仇视本教，却也知本教教众节俭朴实，相亲相爱。”	who said "“伏见两浙州县有吃菜事魔之俗。方腊以前，法禁尚宽，而事魔之俗犹未至于甚炽。方腊之后，法禁愈严，而事魔愈不可胜禁。……臣闻事魔者，每乡每村有一二桀黠，谓之魔头，尽录其乡村姓氏名字，相与诅盟为魔之党。凡事魔者不肉食。而一家有事，同党之人皆出力以相赈恤。盖不肉食则费省，费省故易足。同党则相亲，相亲则相恤而事易济……”"?	8	11
People: 杨过; 小龙女; 金轮法王; 赵志敬; 周伯通 </s> 赵志敬摇头道： </s> “只怕未必。江湖上人人都说，大胜关英雄大会，金轮法王败于小龙女手下。” </s> 法王笑道： </s> “老衲养气数十年，你用言语激我，又有何用？” </s> 他听赵志敬如此说法，知他实是切盼自己与小龙女动手。 </s> 当周伯通现身之前，他本想出手杀了小龙女，但此时已与周伯通订约盗旗，颇有需用尹赵二人之处，倘若杀了小龙女，便不能挟制二道了，当下意示闲暇，双手合十，说道：	who said "“老衲养气数十年，你用言语激我，又有何用？”"?	17	21
People: 朱聪; 梅超风; 韩小莹 </s> 韩小莹道： </s> “大哥说他们练九阴白骨爪，那是甚么功夫？” </s> 朱聪道： </s> “我也从没听说过。” </s> 韩小莹向那叠成一个小小白塔似的九个骷髅头望去，见到顶端那颗骷髅一对黑洞洞的眼孔正好对准着自己，似乎直瞪过来一般，不觉心中一寒，转过头不敢再看，沉吟道： </s> “怎么大哥从来不提这回事？难道……”	who said "“我也从没听说过。”"?	8	10
People: 周伯通; 黄蓉; 欧阳锋; 陆冠英; 程瑶迦 </s> 欧阳锋道： </s> “有甚么不敢？倒要瞧是谁先累死了！” </s> 周伯通道： </s> “老毒物，比到忍屎忍尿，你是决计比我不过的。” </s> 两人话声甫歇，一齐振吭长笑，笑声却已在远处十余丈外。 </s> 陆冠英与程瑶迦不知这二人是何等样人，深夜之中听他们倏来倏去，不禁相顾骇然，携手同到门口观看。	who said "“老毒物，比到忍屎忍尿，你是决计比我不过的。”"?	8	11
People: 忽必烈; 郭靖 </s> 其实郭靖只是心中想到什么，口中便说什么，只因心中想得通达，言辞便显凌厉。 </s> 法王等见他孤身一人，赤手空拳而在蒙古千军万马之中，居然毫无惧色，这股气概便非己所能及，无不钦服。 </s> 忽必烈见郭靖气宇轩昂，不自禁的喜爱，心想若能将此人罗致麾下，胜于得了十座襄阳城，说道： </s> “郭叔父，赵宋无道，君昏民困，好佞当朝，忠良含冤，我这话可不错罢！” </s> 郭靖道： </s> “不错，理宗皇帝乃无道昏君，宰相贾似道是个大大的奸臣。”	who said "“郭叔父，赵宋无道，君昏民困，好佞当朝，忠良含冤，我这话可不错罢！”"?	8	11
People: 杨过; 郭芙; 武氏 </s> 郭芙瞧瞧杨过，见他身上衣服实在破烂得厉害，说道： </s> “回头我要妈给你做几件新衣，你打扮起来，就不会这般难看了。” </s> 杨过摇头道： </s> “我生来难看，打扮也没用的。” </s> 郭芙说过便算，也没再将这事放在心上，瞧着武氏兄弟的背影，忽然轻轻叹了口气。 </s> 杨过道：	who said "“我生来难看，打扮也没用的。”"?	8	10
People: 杨过; 裘千尺; 樊一翁 </s> 绿萼应了，俯身将母亲背起。 </s> 杨过游目四顾，原来处身于一个绝峰之顶，四下里林木茂密，远望石庄，相距已有数里之遥。 </s> 裘千尺叹道： </s> “这山峰叫做厉鬼峰，谷中世代相传，峰上有厉鬼作祟，是以谁也不敢上来，想不到我重出生天，竟是在这厉鬼峰上。” </s> 杨过向樊一翁喝道： </s> “你到这里来干甚么？”	who said "“这山峰叫做厉鬼峰，谷中世代相传，峰上有厉鬼作祟，是以谁也不敢上来，想不到我重出生天，竟是在这厉鬼峰上。”"?	12	15
People: 郭襄; 金轮法王 </s> “大和尚，你追得上我么？” </s> 说话甫毕，微微一惊，原来竟尔不见了金轮法王的踪影。 </s> 忽听得那和尚的声音从前面树林中传出： </s> “郭姑娘，我这坐骑跑不快，你得加上几鞭。” </s> 郭襄大奇： </s> “怎地他又在前面？”	who said "“郭姑娘，我这坐骑跑不快，你得加上几鞭。”"?	12	16
People: 杨过; 洪七公 </s> 洪七公道： </s> “天下大言不惭自称英雄好汉之人甚多，敢吃蜈蚣的却找不出几个。” </s> 杨过心想： </s> “除死无大事。” </s> 将那条蜈蚣放在口中一嚼。 </s> 只一嚼将下去，但觉满嘴鲜美，又脆又香，清甜甘浓，一生之中从未尝过如此异味，再嚼了几口，一骨碌吞了下去，又去夹第二条来吃，连赞：	who said "“除死无大事。”"?	8	10
People: 程瑶迦; 黄蓉; 陆冠英; 尹志平 </s> 陆冠英又道： </s> “尹师兄为人一片热肠，程小姐又是聪明和气……” </s> 程瑶迦听他当面称赞自己，又是高兴，又是害羞： </s> “……可是我心中的念头太过异想天开，自是教人难以猜到。我想江南六怪是成名的英雄好汉，虽然武功不如祖师爷，但要他们远行避祸，岂不是摆明了怕死？这等行径，料来决不会干。倘若这事传闻开了，他们得到消息，只怕非但不避，反要寻上祖师爷来啦！岂不是救人倒变成害人？” </s> 黄蓉暗暗点头，心想陆冠英不愧是太湖群雄之首，深知江湖好汉的性子。 </s> 又听他道：	who said "“……可是我心中的念头太过异想天开，自是教人难以猜到。我想江南六怪是成名的英雄好汉，虽然武功不如祖师爷，但要他们远行避祸，岂不是摆明了怕死？这等行径，料来决不会干。倘若这事传闻开了，他们得到消息，只怕非但不避，反要寻上祖师爷来啦！岂不是救人倒变成害人？”"?	8	11
People: 杨过; 郭芙; 武敦儒; 郭靖; 洪七公; 武氏; 鲁有脚 </s> 武敦儒道： </s> “多半是了。师母正在指点，师父过来有事和师母商量，请她到一旁说话去了，鲁长老就独个儿这么练着。” </s> 郭芙又看了几招，但觉呆滞，不见奥妙，说道： </s> “鲁长老还没学会，没甚么好看，咱们走罢。” </s> 杨过见鲁长老所使的棒法，与洪七公当日在华山绝顶所传果然分毫不错，心中冷笑： </s> “小女孩儿甚么也不懂，偏会口出大言。”	who said "“鲁长老还没学会，没甚么好看，咱们走罢。”"?	12	14
People: 洪七公; 郭靖; 黄蓉; 周伯通; 丘处机 </s> 黄蓉微笑道： </s> “我爹爹没见过他。您老要是肯指点他一些功夫，我爹爹瞧在你老面上，就会喜欢他啦。” </s> 洪七公骂道： </s> “小鬼头儿，爹爹的功夫没学到一成，他的鬼心眼儿可就学了个十足十。我不喜欢人家拍马屁、戴高帽，老叫化从来不收徒弟，这种傻不楞的小子谁要？只有你，才当他宝贝儿似的，挖空心思，磨着我教你傻女婿的武功。嘿嘿，老叫化才不上这个当呢！” </s> 黄蓉低下了头，不由得红晕满脸。 </s> 她于学武并不专心，自己有这样武功高强的爹爹，也没好好跟着学，怎会打主意去学洪七公的功夫？只是眼见郭靖武艺不高，他那六个师父又口口声声骂自己为「小妖女」，恰好碰上了洪七公这样一位高人，只盼他肯传授郭靖些功夫，那么郭靖以后见了六位师父和丘处机一班臭道士，也用不着耗子见猫那样怕得厉害。	who said "“小鬼头儿，爹爹的功夫没学到一成，他的鬼心眼儿可就学了个十足十。我不喜欢人家拍马屁、戴高帽，老叫化从来不收徒弟，这种傻不楞的小子谁要？只有你，才当他宝贝儿似的，挖空心思，磨着我教你傻女婿的武功。嘿嘿，老叫化才不上这个当呢！”"?	8	11
People: 张翠山; 殷素素; 西华子; 卫四娘; 封坛主; 俞莲舟 </s> 卫四娘早看破了封坛主的用心，知他意欲挑拨昆仑、武当两派之间的交情，同时又乘机向张翠山和殷素素讨好，料知西华子接下去要说出更加不好听的话来，忙道： </s> “师兄，不必跟他作无谓的口舌之争，大家且听俞二侠的示下。” </s> 俞莲舟瞧瞧张翠山，瞧瞧殷素素，也是疑团满腹，说道： </s> “大家且请到舱中从长计议。双方死伤的兄弟，先行救治。” </s> 这时天鹰教是客，而教中权位最高的则是紫微堂堂主殷素素。 </s> 她携了无忌的手，首先踏进舱中，跟着便是李天垣。	who said "“大家且请到舱中从长计议。双方死伤的兄弟，先行救治。”"?	33	36
People: 黄蓉; 郭靖; 沙通天; 欧阳锋 </s> 郭靖道： </s> “不管怎样，我可不能再让你受伤啦。上次在临安府自己受伤倒不怎样，这几天瞧着你挨痛受苦，唉，那当真不好过。” </s> 黄蓉笑道： </s> “哼，你这人没心肝的。” </s> 郭靖奇道： </s> “怎么？”	who said "“哼，你这人没心肝的。”"?	8	10
People: 黄蓉; 郭靖 </s> 郭靖道： </s> “担心甚么？” </s> 黄蓉正色道： </s> “我只担心他提起脚来，踢你一脚，你可就糟啦。” </s> 郭靖道： </s> “好端端的干么踢我？就算你说话得罪了他，那也不用踢人啊。”	who said "“我只担心他提起脚来，踢你一脚，你可就糟啦。”"?	8	10
People: 杨过; 小龙女 </s> 小龙女道： </s> “难道祖师婆婆以寒玉疗伤，她也是逆行经脉么？” </s> 杨过道： </s> “那倒不见得，这经脉逆行之法，祖师婆婆一定不会。但我猜想她必是为阴柔内力所伤，与你所受的阳刚之力恰恰相反。” </s> 小龙女含笑点头，喜悦之情，充塞胸臆。 </s> 杨过道：	who said "“那倒不见得，这经脉逆行之法，祖师婆婆一定不会。但我猜想她必是为阴柔内力所伤，与你所受的阳刚之力恰恰相反。”"?	8	10
People: 完颜康; 彭连虎; 杨铁心; 梁子翁; 丘处机 </s> “无知小儿，你认贼作父，胡涂了一十八年。今日亲父到了，还不认么？” </s> 完颜康听了母亲之言，本来已有八成相信，这时听师父一喝，又多信了一成，不由得向杨铁心看去，只见他衣衫破旧，满脸风尘，再回头看父亲时，却是锦衣玉饰，丰度俊雅，两人直有天渊之别。 </s> 完颜康心想： </s> “难道我要舍却荣华富贵，跟这穷汉子浪迹江湖，不，万万不能！” </s> 他主意已定，高声叫道： </s> “师父，莫听这人鬼话，请你快将我妈救过来！”	who said "“难道我要舍却荣华富贵，跟这穷汉子浪迹江湖，不，万万不能！”"?	8	11
People: 颜烈; 包惜弱 </s> 端了一张椅子坐在房门口头。 </s> 过不多时，店小二领了十多名泼皮，抡棍使棒，冲进院子来。 </s> 颜烈哈哈大笑，喝道： </s> “你们想打架？” </s> 忽地跃出，顺手抢过一根杆棒，指东打西，转眼间打倒了四五个。 </s> 那些泼皮平素只靠逞凶使狠，欺压良善，这时见势头不对，都抛下棍棒，一窝蜂的挤出院门，躺在地下的连爬带滚，惟恐落后。	who said "“你们想打架？”"?	8	10
People: 谢逊; 张翠山; 殷素素 </s> 殷素素拍掌大喜，叫道： </s> “是你输了，可不许赖。” </s> 谢逊向张翠山道： </s> “张五侠寓武学于书法之中，别开蹊径，令人大开眼界，佩服佩服。你有甚么吩咐，请快说罢。” </s> 迫于诺言，不得不如此说，心下大是沮丧。 </s> 张翠山道：	who said "“张五侠寓武学于书法之中，别开蹊径，令人大开眼界，佩服佩服。你有甚么吩咐，请快说罢。”"?	8	10
People: 张无忌 </s> “这和尚伤天害理，作下了无数罪孽，我……我……便到天涯海角，也要追到他。” </s> 那小鬟抬起头来，凝视着他的脸。 </s> 张无忌道： </s> “姑娘，要是你知道，求你指点途径。” </s> 那小鬟咬着下唇，微一沉吟，低声道： </s> “我的性命是你救的，好，我带你去。”	who said "“姑娘，要是你知道，求你指点途径。”"?	8	11
People: 张翠山; 殷素素 </s> 两人自管自你言我语，却不知对方说些甚么，一怔之下，忙从耳中取出海豹绒毛，原来两人顾得逃命，浑忘了耳中塞有物事。 </s> 两人得脱大难，心中柔情更是激增。 </s> 张翠山道： </s> “素素，咱俩便是死在这冰山之上，也就永不分离的了。” </s> 殷素素道： </s> “五哥，我有句话问你，你可不许骗我。倘若咱们是在陆地上，没经过这一切危难，倘若我也是这般一心一意要嫁给你，你也仍然要我么？”	who said "“素素，咱俩便是死在这冰山之上，也就永不分离的了。”"?	8	11
People: 杨过; 李莫愁; 傻姑; 程英 </s> 李莫愁见傻姑伏在桌上，背脊微耸，心道： </s> “这女子中了我一掌，居然还能坐得起，却也好生了得。” </s> 冷冷问道： </s> “黄药师呢？” </s> 那冯铁匠听到「黄药师」三字，身子一震，抬起头来向她望了一眼，随即低头继续打铁。 </s> 程英道：	who said "“黄药师呢？”"?	12	15
People: 杨过; 李莫愁; 陆无双; 洪凌波 </s> 杨过心想： </s> “臭道士，多半也吃过那李莫愁的苦头，竟吓成这个样子。” </s> 陆无双低声道： </s> “我师父追到啦，傻蛋，你瞧怎么办？” </s> 杨过道： </s> “怎么办？躲一躲罢！”	who said "“我师父追到啦，傻蛋，你瞧怎么办？”"?	17	20
People: 杨过; 李莫愁 </s> 待杨过吐气站起，问道： </s> “你说李莫愁最厉害的武功是什么？” </s> 杨过听了此问，知道行径已给他瞧破，答道： </s> “是五毒神掌和拂尘上的功夫。” </s> 黄药师道： </s> “不错，你内功既有如此根柢，要破她看家本领，那也不难。”	who said "“是五毒神掌和拂尘上的功夫。”"?	8	10
People: 杨过; 郭靖; 黄蓉; 欧阳锋; 柯镇恶 </s> 但郭靖对恩师不敢相瞒，便道： </s> “欧阳锋。” </s> 柯镇恶生平恨极此人，一听到他名字便不禁脸上变色，低声道： </s> “欧阳锋？他还没死？” </s> 郭靖道： </s> “适才我们采药回来，见到屋边人影一晃，身法又快又怪，当即追去，却己不见了踪影。瞧来很像欧阳锋。”	who said "“欧阳锋？他还没死？”"?	25	28
People: 郭靖; 黄蓉; 傻姑 </s> 黄蓉道： </s> “这傻姑使的明明是我桃花岛的碧波掌法，虽然只会六七招，也没到家，但招术路子完全不错。这两人为甚么死在这里？跟傻姑又有甚么关连？” </s> 郭靖道： </s> “咱们再问那位姑娘去。” </s> 他自己常被人叫「傻孩子」，是以不肯叫那姑娘作「傻姑」。 </s> 黄蓉道：	who said "“咱们再问那位姑娘去。”"?	8	10
People: 张无忌; 杨逍; 殷梨亭 </s> 张无忌摇头道： </s> “但教我有一口气在，不容你们杀明教一人。” </s> 殷梨亭道： </s> “那我可先得杀了你！” </s> 张无忌喷出一口鲜血，神智昏迷，心情激荡，轻轻的道： </s> “殷六叔，你杀了我罢！”	who said "“那我可先得杀了你！”"?	17	20
People: 周芷若; 灭绝师太; 郭襄 </s> “你已是本门掌门，我得将本门的一件大秘密说与你知。本派的创派祖师郭女侠，乃是当年大侠郭靖的小女儿。郭大侠当年名震天下，生平有两项绝艺，其一是行军打仗的兵法，其二便是武功。郭大侠的夫人黄蓉黄女侠最是聪明机智，她眼见元兵势大，襄阳终不可守，他夫妇二人决意以死报国，那是知其不可而为之的赤心精忠，但郭大侠的绝艺如果就此失传，岂不可惜？何况她料想蒙古人纵然一时占得了中国，我汉人终究不甘为鞑子奴隶。日后中原血战，那兵法和武功两项，将有极大的用处。因此她聘得高手匠人，将杨过杨大侠赠送本派郭祖师的一柄玄铁重剑熔了，再加以西方精金，铸成了一柄屠龙刀，一柄倚天剑。” </s> 周芷若对屠龙刀和倚天剑之名习闻已久，此刻才知这一对刀剑竟是本派祖师郭襄女侠的母亲所铸。 </s> 灭绝师太又道： </s> “黄女侠在铸刀铸剑之前，和郭大侠两人穷一月心力，缮写了兵法和武功的精要，分别藏在刀剑之中。屠龙刀中藏的乃是兵法，此刀名为‘屠龙’，意为日后有人得到刀中兵书，当可驱除鞑子，杀了鞑子皇帝。倚天剑中藏的则是武学秘笈，其中最为宝贵的，乃是一部‘九阴真经’，一部‘降龙十八掌掌法精义’，盼望后人习得剑中武功，替天行道，为民除害。” </s> 周芷若睁着眼睛，愈听愈奇，只听师父又道： </s> “郭大侠夫妇铸成一刀一剑之后，将宝刀授给儿子郭公破虏，宝剑传给本派郭祖师。当然，郭祖师曾得父母传授武功，郭公破虏也得传授兵法。但襄阳城破之日，郭大侠夫妇与郭公破虏同时殉难。郭祖师的性子和父亲的武功不合，因此本派武学，和当年郭大侠并非一路。”	who said "“黄女侠在铸刀铸剑之前，和郭大侠两人穷一月心力，缮写了兵法和武功的精要，分别藏在刀剑之中。屠龙刀中藏的乃是兵法，此刀名为‘屠龙’，意为日后有人得到刀中兵书，当可驱除鞑子，杀了鞑子皇帝。倚天剑中藏的则是武学秘笈，其中最为宝贵的，乃是一部‘九阴真经’，一部‘降龙十八掌掌法精义’，盼望后人习得剑中武功，替天行道，为民除害。”"?	13	17
People: 张无忌; 赵敏 </s> 赵敏笑道： </s> “这就奇了。当时她抓住了你，要你到灵蛇岛来，你死也不肯来。怎地现下人家没请你，你却又巴巴的跟了来？毕竟是人大心大，甚么也变了。” </s> 张无忌脸上又是一红，笑道： </s> “这是你叫我来的！” </s> 赵敏听了这话，脸上也红了，心中感到一阵甜意。 </s> 张无忌那句话似乎是说：	who said "“这是你叫我来的！”"?	8	11
People: 杨过; 郭襄 </s> “倘若我真有这么一位大哥哥，他定会处处照顾我、帮着我，决不像姊姊那样，成日价便是啰唆骂人，这个不对，那个不许的。” </s> 想到此处，脸上充满着温柔敬服的神色。 </s> 杨过道： </s> “是啊。我这个小妹子年幼不懂事，我便带她出来阅历阅历……” </s> 郭襄本来担心杨过出言否认，听他如此说，不由得满脸喜色，又听他道： </s> “她见这九尾灵狐如此神异，知道必是一位了不起的前辈高人所养，是以随晚辈同来拜见。得睹尊范，实是有幸。”	who said "“是啊。我这个小妹子年幼不懂事，我便带她出来阅历阅历……”"?	8	10
People: 杨过; 小龙女; 郭芙; 郭襄; 潇湘子; 一灯 </s> 杨过再也听不清楚，暗暗奇怪： </s> “这两人怕极了一个和尚，唯恐给他追上。这两个恶徒武功各有独到之处，方今除了黄岛主、一灯大师、郭伯伯等寥寥数位，极少有人是他们之敌，何况他二恶联手，更是厉害，不知那位高僧是谁，竟能令他们如此畏惧？又不知他何以苦苦追踪，非擒到这二人不可？” </s> 又想： </s> “那潇湘子说要杀人占寺，打的尽是恶毒主意，这件事既然给我撞到了，怎能不管？” </s> 只听得远处郭芙扬声叫道： </s> “杨大哥、杨大嫂、二妹……杨大哥、杨大嫂、二妹……吃饭啦……吃饭啦！”	who said "“那潇湘子说要杀人占寺，打的尽是恶毒主意，这件事既然给我撞到了，怎能不管？”"?	8	10
People: 洪七公; 郭靖 </s> 说道： </s> “请两位爷胡乱用些。” </s> 洪七公挥手道： </s> “你们出去罢，老叫化见了美貌的娘儿们吃不下饭。” </s> 众少女笑着走出，带上舱门。 </s> 洪七公拿起酒菜在鼻边嗅了几嗅，轻声道：	who said "“你们出去罢，老叫化见了美貌的娘儿们吃不下饭。”"?	8	11
People: 朱聪; 柯镇恶; 南希仁; 韩小莹 </s> 南希仁道： </s> “很好。” </s> 朱聪道： </s> “甚么很好？” </s> 南希仁道： </s> “孩子很好。”	who said "“甚么很好？”"?	8	10
People: 谢逊; 张三丰; 张松溪; 空闻; 说不得; 西华子 </s> 他出手快极，这么一扯，已将两人的衣带拉断，但听得呛啷、呛啷接连两声响过，两柄短刀掉在地下，青光闪闪，耀眼生花。 </s> 这一来，众人脸色均是大变。 </s> 西华子大声道： </s> “不错，张五侠若是不肯告知谢逊的下落，那么抡刀动剑，也说不得了。” </s> 张松溪正要大呼「啊哟」为号，先发制人，忽然门外传来一声： </s> “阿弥陀佛！”	who said "“不错，张五侠若是不肯告知谢逊的下落，那么抡刀动剑，也说不得了。”"?	31	34
People: 李莫愁; 霍都; 达尔巴; 郭靖 </s> 丘处机将手一挥，笑道： </s> “出门一笑无拘碍，云在西湖月在天。宫殿馆阁，尽是身外之物，身子躯壳尚不足惜，又理这些身外物作甚？你十余年来勤修内功，难道这一点还勘不破么？” </s> 郭靖也是一笑，应了声： </s> “是！” </s> 丘处机笑道： </s> “其实我眼见重阳宫后院为烈火焚烧之时.也是暴跳如雷，此刻才宁静了下来，比之马师哥当时便心无挂碍，我的修为实是万万不及。”	who said "“是！”"?	22	24
People: 张无忌; 小昭 </s> “这链子当真邪门，只怕便拉成十几丈长，它还是不断。” </s> 原来明教上代教主得到一块天上落下来的古怪陨石，其中所含金属质地不同于世间任何金铁，锐金旗中的巧匠以之试铸兵刃不成，便铸成此链。 </s> 张无忌见小昭垂头丧气，安慰她道： </s> “你放心，包在我身上给你打开铁链。咱们困在这山腹之中，尚能出去，难道还奈何不了这两根小小铁链？” </s> 他要找圆真报仇，返身再去推那两块万斤巨石，可是他虽练成神功，究非无所不能，两块巨石被他推得微微撼动，却终难掀开。 </s> 他摇摇头，便和小昭从另一边的石门中走了出去。	who said "“你放心，包在我身上给你打开铁链。咱们困在这山腹之中，尚能出去，难道还奈何不了这两根小小铁链？”"?	8	11
People: 金轮法王; 霍都; 郭靖; 洪七公 </s> 霍都哈哈一笑，说道： </s> “终南山重阳官中，小王与阁下曾有一面之缘，当日阁下自称是马钰、丘处机诸道的门人，怎么又冒充起洪七公的弟子来啦？” </s> 郭靖正要回答，霍部抢着又道： </s> “一人投拜数位师父，本来也是常事。然而今日乃金轮法王与洪老帮主较量功夫，阁下武功虽强，却是艺兼众门，须显不出洪老帮主的真实本事。” </s> 这番话倒也甚是有理，郭靖本就拙于言辞，一时难以辩驳。 </s> 群雄却大声叫嚷起来：	who said "“一人投拜数位师父，本来也是常事。然而今日乃金轮法王与洪老帮主较量功夫，阁下武功虽强，却是艺兼众门，须显不出洪老帮主的真实本事。”"?	18	20
People: 周芷若; 殷梨亭; 宋青书; 莫声谷; 俞莲舟 </s> 周芷若道： </s> “外子脱离武当，投入峨嵋，今日当着天下英雄之前，正式布示。俞二侠，张真人顾念旧日情谊，不许武当弟子与本派为敌，那是他老人家的义气，可也正是他老人家保全武当威名的聪明处。” </s> 殷梨亭再也忍耐不住，跳了出来，指着周芷若道： </s> “周姑娘，你年幼之时遭遇危难，是我师父出手相救，荐你到峨嵋门下。虽然我师施恩不望报，可是你今日言语之中，显是说我武当派浪得虚名，远不及峨嵋派诸位女侠，这……你……这可对得住我师父么？” </s> 周芷若淡淡一笑，说道： </s> “武当诸侠威震江湖，俱有真才实学。宋大侠更是我的公公。本座岂敢说各位浪得虚名？至于武当、峨嵋两派，各有所传，各有所学，也难说谁高谁低。昔年本派郭师祖有恩于张真人，张真人后来有恩于本座，那就两相抵过，咱们谁也不欠谁的恩情。俞二侠、殷六侠，武当弟子不得与峨嵋派动手的规矩，咱们就此免了罢。”	who said "“周姑娘，你年幼之时遭遇危难，是我师父出手相救，荐你到峨嵋门下。虽然我师施恩不望报，可是你今日言语之中，显是说我武当派浪得虚名，远不及峨嵋派诸位女侠，这……你……这可对得住我师父么？”"?	13	16
People: 杨逍; 范遥 </s> 杨逍插口道： </s> “兄弟，那些罗汉像转过了身子，是你做的手脚了？” </s> 范遥笑道： </s> “我见郡主叫人在罗汉像背上刻下了那十六个字，意图嫁祸本教，我后来便又悄悄回去，将罗汉像推转。大哥，你们倒真心细，这件事还是叫你们瞧了出来。那时候你可想得到是兄弟么？” </s> 杨逍道： </s> “我们推敲起来，对头之中，似有一位高手在暗中维护本教，可哪能想得到竟是我的老搭档好兄弟！”	who said "“我见郡主叫人在罗汉像背上刻下了那十六个字，意图嫁祸本教，我后来便又悄悄回去，将罗汉像推转。大哥，你们倒真心细，这件事还是叫你们瞧了出来。那时候你可想得到是兄弟么？”"?	12	14
People: 张无忌; 谢逊; 灭绝师太; 金花婆婆; 殷离 </s> 黑暗之中，依稀见到金花婆婆佝偻着身子，忽然叮的一声轻响，她身前发出一下金铁和山石撞击之声，过了一会，又是这么一响。 </s> 张无忌大奇，但生怕被二人发觉，不敢再行上前瞧个明白。 </s> 只听殷离道： </s> “婆婆，你要夺他宝刀，明刀明枪的交战，还不失为英雄行径。眼下之事若是传扬出去，岂不为天下好汉耻笑？那灭绝师太已经死了，你又要屠龙刀何用？” </s> 金花婆婆大怒，伸直了身子，厉声道： </s> “小丫头，当年是谁在你父亲掌底救了你的小命？现下人大了，就不听婆婆的吩咐！这谢逊跟你非亲非故，何以要你一鼓劲儿的护着他？你倒说个道理给婆婆听听。”	who said "“婆婆，你要夺他宝刀，明刀明枪的交战，还不失为英雄行径。眼下之事若是传扬出去，岂不为天下好汉耻笑？那灭绝师太已经死了，你又要屠龙刀何用？”"?	29	31
People: 陆无双 </s> 怪客呆呆望着墓碑，自言自语： </s> “陆展元这小畜生死了？几时死的？” </s> 陆无双笑嘻嘻的道： </s> “死了有三年啦。” </s> 那怪客冷笑道： </s> “死得好，死得好，只可惜我不能亲手取他狗命。”	who said "“死了有三年啦。”"?	8	11
People: 郭靖; 黄蓉; 杨康; 简长老 </s> 黄蓉好生失望，低声道： </s> “提防那笑脸恶丐，莫与他眼光相接。” </s> 郭靖点头道： </s> “我正要狠狠打这家伙一顿出气！” </s> 说着扶了黄蓉背脊，两人一齐站起身来。 </s> 郭靖瞪视杨康，大踏步向他走去。	who said "“我正要狠狠打这家伙一顿出气！”"?	8	10
People: 张无忌; 胡青牛 </s> 张无忌灵机一动，说道： </s> “假如有一位明教弟子，体外无伤，但腹内瘀血胀壅、脸色红肿，昏闷欲死，先生便如何治法？” </s> 胡青牛道： </s> “倘若是明教弟子，我便用山甲、归尾、红花、生地、灵仙、血竭、桃仙、大黄、乳香、没药以水酒煎好，再加童便，服后便泻出瘀血。” </s> 张无忌又道： </s> “假若有一明教弟子，被人左耳湛入铅水，右耳灌入水银，眼中涂了生漆、疼痛难当，不能视物，那便如何？”	who said "“倘若是明教弟子，我便用山甲、归尾、红花、生地、灵仙、血竭、桃仙、大黄、乳香、没药以水酒煎好，再加童便，服后便泻出瘀血。”"?	13	16
People: 杨过; 小龙女; 林朝英; 孙不二; 王重阳 </s> “当年重阳先师和我古墓派祖师婆婆原该好好结为夫妻，不知为了甚么劳什子古怪礼教，弄得各自遗恨而终，咱俩今日便在重阳祖师的座前拜堂成亲，结为夫妇，让咱们祖师婆婆出了这口恶气。” </s> 他对王重阳本来殊无好感，但自起始修习古墓上他的遗刻，越练越是钦佩，到后来已是十分崇敬，隐隐觉得自己便是他的传人一般。 </s> 小龙女叹了口气，幽幽的道： </s> “过儿，你待我真好。” </s> 当年王重阳和林朝英互有深情，全真五子尽皆知晓，虽均敬仰师父挥慧剑斩情丝，实是一位了不起的英雄好汉，但想到武学渊深的林朝英以绝世之姿、妙龄之年，竟在古墓中自闭一生，自也无不感叹，这时杨过提起此事，群道中年轻的不知根由，倒没甚么，年长的无不心中一震。 </s> 孙不二喝道：	who said "“过儿，你待我真好。”"?	12	15
People: 杨过; 郭襄 </s> 初时心中惊慌，但滑出数丈后，只觉身子轻飘飘的有如御风而行，脚上全不着力，连叫： </s> “当真好玩！” </s> 两人滑了一阵，杨过忽然奇道： </s> “咦！” </s> 郭襄道： </s> “怎么？”	who said "“咦！”"?	8	10
People: 朱聪; 柯镇恶; 彭连虎; 郭靖; 马钰 </s> “这些都是我的东西，怎么变到了他身上？” </s> 原来朱聪右手和他拉手之际，左手妙手空空，早已将他怀中之物扫数扒过。 </s> 朱聪拔开鼻烟壶塞子，见里面分为两隔，一隔是红色粉未，另一隔是灰色粉未，说道： </s> “怎么用啊？” </s> 彭连虎虽然悍恶，但此刻命悬一线，不敢再弄好使诈，只得实说： </s> “红色的内服，灰色的外敷。”	who said "“怎么用啊？”"?	8	10
People: 郭靖; 洪七公 </s> “别吃的好，老毒物鬼计多端，只吃白饭无碍。” </s> 拔开背上葫芦的塞子，骨都骨都喝了两口酒，和郭靖各自扒了三大碗饭，把几碗菜都倒在船板之下。 </s> 郭靖低声道： </s> “不知他要周大哥做甚么事。” </s> 洪七公道： </s> “决不能是好事，这一下老顽童实在是大大的不妙。”	who said "“不知他要周大哥做甚么事。”"?	8	10
People: 张无忌; 周芷若; 丁敏君 </s> 峨嵋派中大多数弟子本来都遵从师父遗命，奉周芷若为掌门人，但听丁敏君辞锋咄咄，说得入情入理，均想： </s> “师父和魔教结怨太深。周师妹和那魔教教主果是干系非同寻常，倘若她将本派卖给了魔教，那便如何是好？” </s> 只听丁敏君又道： </s> “周师妹，你由武当派张真人引入师父门下，那魔教的小淫贼是武当张五侠之子。这中间到底有甚么古怪阴谋，谁也不知底细。” </s> 提高了嗓子又道： </s> “众位师兄师姊、师弟师妹，师父虽有遗言命周师妹接任掌门，可是她老人家万万料想不到，她圆寂之后尸骨未寒，本派掌门人立即便去寻那魔教教主相叙私情。此事和本派存亡兴衰干系太大，先师若知今晚之事，她老人家必定另选掌门。师父的遗志乃是要本派光大发扬，决不是要本派覆灭在魔教之手。依小妹之见，咱们须得继承先师遗志，请周师妹交出掌门铁指环，咱们另推一位德才兼备、资望武功足为同门表率的师姊，出任本派掌门。”	who said "“周师妹，你由武当派张真人引入师父门下，那魔教的小淫贼是武当张五侠之子。这中间到底有甚么古怪阴谋，谁也不知底细。”"?	18	21
People: 张无忌; 周芷若; 灭绝师太 </s> 那村女忽然冷笑道： </s> “你不用担心，她压根儿就没受伤。我说她厉害，不是说她武功，是说她小小年纪，心计却如此厉害。” </s> 张无忌奇道： </s> “她没受伤？” </s> 那村女道： </s> “不错！我一掌斩中她肩头，她肩上生出内力，将我手掌弹开，原来她已练过峨嵋九阳功，倒震得我手臂微微酸麻。她哪里会受甚么伤？”	who said "“她没受伤？”"?	8	11
People: 杨过; 完颜萍 </s> 杨过顺着刀势避过，道： </s> “你刀中还可再夹掌法。” </s> 完颜萍道： </s> “好！” </s> 横刀砍出，左掌跟着劈去。 </s> 杨过侧身闪避，道：	who said "“好！”"?	12	15
People: 张无忌; 赵敏 </s> 两人来到房中，张无忌低声道： </s> “浇菜那个老农本领更大，你瞧出来了么？” </s> 赵敏道： </s> “啊，我倒看不出。” </s> 张无忌道： </s> “他肩挑粪水，行得极慢，可是两只粪桶竟没半点晃动，那是很高的内力修为。”	who said "“啊，我倒看不出。”"?	13	15
People: 张无忌; 周芷若; 殷离 </s> 张无忌伸手扶住，安慰道： </s> “周姑娘，你别怕。” </s> 周芷若看到殷离脸上可怖的模样，忙伸手抚摸自己的脸，惊道： </s> “我……我也是这样了么？” </s> 张无忌道： </s> “不！你只受了些轻伤。”	who said "“我……我也是这样了么？”"?	13	16
People: 张无忌; 班淑娴; 高老者; 矮老者 </s> 但张无忌滑如游鱼，每每在间不容发之际避开，有时反击一招半式，却又令三人极难挡架。 </s> 到此地步，四人均已知万难取胜，各自存了全身而退的打算。 </s> 高老者突然叫道： </s> “臭小子，暗器来了！” </s> 一声咳嗽，一口浓痰向张无忌吐去。 </s> 张无忌侧身让过，高老者已乘机将钢刀向背后抛出，笑道：	who said "“臭小子，暗器来了！”"?	18	21
People: 黄药师; 谭处端; 孙不二; 欧阳锋; 马钰; 梅超风; 王处一; 郝大通; 丘处机 </s> “黄老邪当真了得！” </s> 但见双方招数越来越慢，情势越是险恶，不到一盏茶时分，这场恶战就要终结。 </s> 只见黄药师向孙不二、谭处端分发两掌，孙谭二人举手招架，刘处玄、马钰发招相助，欧阳锋长啸一声，叫道： </s> “药兄，我来助你。” </s> 蹲下身子，猛地向谭处端身后双掌推出。 </s> 谭处端正自全力与黄药师拚斗，突觉身后一股排山倒海般的力道撞来，猛迅无伦，不但同门不及相救，自己也无法闪避，砰的一声，俯身跌倒。	who said "“药兄，我来助你。”"?	23	26
People: 谢逊; 张翠山; 成昆; 空见; 白龟寿; 俞莲舟 </s> 张翠山道： </s> “少林、峨嵋、崆峒等门派，并未参与王盘山之会啊，怎地也跟天鹰教结了怨仇？” </s> 俞莲舟道： </s> “此事却是因你义兄谢逊而起了。天鹰教为了想得那屠龙宝刀，接二连三的派遣海船，遍访各处海岛，找寻谢逊的下落。须知纸包不住火，白龟寿的口再密，这消息还是泄漏了出来。你这义兄曾冒了‘混元霹雳手成昆’之名，在大江南北做过三十几件大案，各门各派成名人物死在他手下的不计其数，此事你可知道么？” </s> 张翠山黯然点头，低声道： </s> “人家终于知道是他干的了。”	who said "“此事却是因你义兄谢逊而起了。天鹰教为了想得那屠龙宝刀，接二连三的派遣海船，遍访各处海岛，找寻谢逊的下落。须知纸包不住火，白龟寿的口再密，这消息还是泄漏了出来。你这义兄曾冒了‘混元霹雳手成昆’之名，在大江南北做过三十几件大案，各门各派成名人物死在他手下的不计其数，此事你可知道么？”"?	30	33
People: 谢逊; 金花婆婆; 空见 </s> 过了良久，谢逊忽道： </s> “韩夫人，今日你定要迫我动手，违了我们四法王昔日结义的誓言，谢逊好生难受。” </s> 金花婆婆道： </s> “谢三哥，你向来心肠软，我当时真没料到，武林中那许多成名的英雄豪杰，都是你一手所杀。” </s> 谢逊叹道： </s> “我心伤父母妻儿之仇，甚么也不顾了。我生平最不应该之事，乃是连发一十三招七伤拳，击毙了少林派的空见神僧。”	who said "“谢三哥，你向来心肠软，我当时真没料到，武林中那许多成名的英雄豪杰，都是你一手所杀。”"?	12	16
People: 张无忌; 赵敏; 周芷若; 宋青书; 静慧 </s> 她还道张无忌乘着宋青书将死，又来求周芷若重行缔婚。 </s> 张无忌叹了口气，纵身出门。 </s> 他回到明教的茅棚之前，赵敏迎了上来，道： </s> “宋青书的伤有救，是不是？又用我的黑玉断续膏去做好人了。” </s> 张无忌道： </s> “咦！你当真料事如神。他伤势是否能救，此刻还不能说。”	who said "“宋青书的伤有救，是不是？又用我的黑玉断续膏去做好人了。”"?	13	15
People: 周伯通; 郭靖 </s> 郭靖忧形于色，说道： </s> “弟子也这样想……” </s> 周伯通脸一板，厉声道： </s> “你说甚么？” </s> 郭靖知道说错了话，忙道： </s> “做兄弟的一时失言，大哥不要介意。”	who said "“你说甚么？”"?	8	11
People: 韩宝驹; 梅超风; 江南七怪; 陈玄风; 马钰; 朱聪; 全金发 </s> “听说张五侠与飞天神龙柯大侠都是为铜尸陈玄风所害。但各位既已诛了陈玄风，大仇可说已经报了。自古道：冤家宜解不宜结。梅超风一个孤身女子，又有残疾，处境其实也很可怜。” </s> 六怪默然不语。 </s> 过了一会，韩宝驹道： </s> “她练这阴毒功夫，每年不知害死多少无辜，道长侠义为怀，总不能任由她如此为非作歹。” </s> 朱聪道： </s> “现下是她找上门来，不是我们去找他。”	who said "“她练这阴毒功夫，每年不知害死多少无辜，道长侠义为怀，总不能任由她如此为非作歹。”"?	8	11
People: 张无忌; 谢逊; 殷离 </s> 只听得谢逊朗声道： </s> “阁下两次出手相援，谢逊多承大德。” </s> 张无忌哽咽道： </s> “义……义……你何必……” </s>  便在此时，忽听得身后传来两下玎玎异声，三个人疾奔而至。 </s> 张无忌一瞥之下，只见那三人都身穿宽大白袍，其中两人身形甚高，左首一人是个女子。	who said "“义……义……你何必……”"?	8	11
People: 郭靖; 陆冠英; 杨康; 黄蓉 </s> 杨康冷笑道： </s> “瞧归云庄送客送到哪里？” </s> 郭靖却早已起疑，这三日来每处客店所备的饭菜之中，必有一二样是他特别爱吃之物，如是陆冠英命人预备，怎能深知他的心意？用过饭后，郭靖道： </s> “贤弟，我先走一步，赶上去探探。” </s> 催动小红马，倏忽之间已赶过三个站头，到了宝应，果然无人来接。 </s> 郭靖投了当地最大的一家客店，拣了一间靠近帐房的上房，守到傍晚，听得店外鸾铃响处，一骑马奔到店外，戛然而止，一人走进店来，吩咐帐房明日预备酒饭迎接郭、杨二人。	who said "“贤弟，我先走一步，赶上去探探。”"?	8	10
People: 洪七公; 黄蓉; 欧阳锋; 郭靖; 马钰 </s> 黄蓉「嗯」了一声，心下暗自琢磨、过了一会，说道： </s> “我爹爹好好的，干吗称他‘东邪’？这个外号，我不喜欢。” </s> 洪七公笑道： </s> “你爹爹自己可挺喜欢呢。他这人古灵精怪，旁门左道，难道不是邪么？要讲武功，终究全真教是正宗，这个我老叫化是心服口服的。” </s> 向郭靖道： </s> “你学过全真派的内功，是不是？”	who said "“你爹爹自己可挺喜欢呢。他这人古灵精怪，旁门左道，难道不是邪么？要讲武功，终究全真教是正宗，这个我老叫化是心服口服的。”"?	8	11
People: 郭靖; 黄蓉; 王处一 </s> 黄蓉微笑道： </s> “现下我唱曲儿了，你听着。” </s> 但见她微微侧过了头，斜倚舟边，一缕清声自舌底吐出： </s> “雁霜寒透幙。正护月云轻，嫩冰犹薄。溪玄照梳掠。想含香弄粉，觏妆难学。玉肌瘦弱，更重重龙绢衬着。倚东风，一笑嫣然，转盼万花羞落。寂寞！家山何在：雪后园林，水边楼阁。瑶池旧约，麟鸿更仗谁托？粉蝶儿只解寻花觅柳，开遍南枝未觉。但伤心，冷淡黄昏，数声画角。” </s> 郭靖一个字一个字的听着，虽然于词义全然不解，但清音娇柔，低回婉转，听着不自禁的心摇神驰，意酣魂醉，这一番缠绵温存的光景，竟是他出世以来从未经历过的。 </s> 黄蓉一曲既终，低声道：	who said "“雁霜寒透幙。正护月云轻，嫩冰犹薄。溪玄照梳掠。想含香弄粉，觏妆难学。玉肌瘦弱，更重重龙绢衬着。倚东风，一笑嫣然，转盼万花羞落。寂寞！家山何在：雪后园林，水边楼阁。瑶池旧约，麟鸿更仗谁托？粉蝶儿只解寻花觅柳，开遍南枝未觉。但伤心，冷淡黄昏，数声画角。”"?	12	14
People: 张无忌; 杨不悔 </s> “当真无药可救了么？连勉强一试也不成么？” </s> 张无忌摇了摇头。 </s> 杨不悔应道： </s> “嗷！” </s> 神色泰然，并不如何惊慌。 </s> 张无忌心中一动，想起她所说的那一句话来：	who said "“嗷！”"?	13	16
People: 郭靖; 黄蓉; 洪七公 </s> 洪七公叫道： </s> “靖儿，运气护住身子，莫要被我掌力伤了。” </s> 郭靖道： </s> “弟子知道！” </s> 一言甫毕，洪七公掌力又发，喀喇一声，郭靖又撞倒了一株松树。 </s> 但见一个发招，一个接劲，片刻之间，洪七公以劈空掌法接连将郭靖推得撞断了十株大树。	who said "“弟子知道！”"?	8	10
People: 张无忌; 赵敏; 杨逍; 范遥 </s> 赵敏向范遥道： </s> “苦大师，人家要对我动手，你帮不帮我？” </s> 范遥眉头一皱，说道： </s> “郡主，世上不如意事十居八九，既已如此，也是勉强不来了。” </s> 赵敏道： </s> “我偏要勉强。”	who said "“郡主，世上不如意事十居八九，既已如此，也是勉强不来了。”"?	21	23
People: 杨过; 郭芙; 武氏 </s> 杨过暗暗好笑，向郭芙走去，问道： </s> “你找我么？” </s> 郭芙笑道： </s> “是啊，你陪我到门外走走，我要问你这些年来在于些甚么。” </s> 杨过嘘了一口长气，心想那真是一言难尽，三日三夜也说不完，而且这些事又怎能跟你说？二人并肩走出大门，杨过一侧头，见武氏兄弟遥遥跟在后面。 </s> 郭芙早已知道，却假装没瞧见，只是向杨过絮絮相询。	who said "“是啊，你陪我到门外走走，我要问你这些年来在于些甚么。”"?	12	14
People: 郭襄 </s> 法王笑道： </s> “这马四条腿，未必快得过老僧的两条腿。” </s> 郭襄正欲上马，忽道： </s> “啊哟，大和尚，我肚子饿啦，你带着吃的没有？” </s> 法王从背囊中取出一包干粮。 </s> 郭襄吃了两个面饼，上马便行。	who said "“啊哟，大和尚，我肚子饿啦，你带着吃的没有？”"?	8	10
People: 张无忌; 朱长龄 </s> “朱伯伯，小侄虽然年轻无用，却也不是贪生怕死之徒。府上眼前既有危难，小侄决不能自行退避。纵然不能帮伯父和姊姊甚么忙，也当跟伯父和姊姊同生共死。” </s> 朱长龄劝之再三，张无忌只是不听。 </s> 朱长龄叹道： </s> “唉，小孩子家不知危险。我只有将真相跟你说了，可是你先得立下个重誓，决不向第二人泄漏机密，也不得向我多问一句。” </s> 张无忌跪在地下，朗声道： </s> “皇天在上，朱伯伯向我所说之事，若是我向旁人泄漏，多口查问，教我乱刀分尸，身败名裂。”	who said "“唉，小孩子家不知危险。我只有将真相跟你说了，可是你先得立下个重誓，决不向第二人泄漏机密，也不得向我多问一句。”"?	13	16
People: 郭靖 </s> 丘处机叹道： </s> “这位前辈其实对先师甚有情意，欲待委身相事，与先师结为夫妇。当年二人不断的争闹相斗，也是那人故意要和先师亲近，只不过她心高气做，始终不愿先行吐露情意。后来先师自然也明白了，但他于邦国之仇总是难以忘怀，常说：匈奴未灭，何以家为？对那位前辈的深情厚意，装痴乔呆，只作不知。那前辈只道先师瞧她不起，怨愤无已。两人本已化敌为友，后来却又因爱成仇，约好在这终南山上比武决胜。” </s> 郭靖道： </s> “那又不必了。” </s> 丘处机道： </s> “是啊！先师知她原是一番美意，自是一路忍让。岂知那前辈性情乖僻，说道：‘你越是让我，那就越是瞧我不起。’先师逼于无奈，只得跟她动手。当时他二位前辈便是在这里比武，斗了几千招，先师不出重手，始终难分胜败。那人怒道，‘你并非存心和我相斗，当我是甚么人？’先师道：‘武比难分胜负，不如文比。’那人道：‘这也好。若是我输了，我终生不见你面，好让你耳目清净。’先师道：‘若是你胜了，你要怎样？’那人脸上一红，无言可答，终于一咬牙，说道：‘你那活死人墓就让给我住。’	who said "“那又不必了。”"?	8	10
People: 黄蓉; 郭靖; 丘处机 </s> 郭靖大奇，问道： </s> “怎么给丘道长做老婆？他不会要的。” </s> 黄蓉道： </s> “他当然不肯要。可是他却不想想，你说不肯娶穆姑娘，他怎地又硬逼你娶她？哼，等哪一天我武功强过这牛鼻子老道了，定要硬逼他娶个又恶又丑的女人，叫他尝尝被逼娶老婆的滋味。” </s> 郭靖哑然失笑，原来她心中在打这个主意，过了半晌，说道： </s> “蓉儿，穆姑娘并不是又丑又恶，不过我只娶你。”	who said "“他当然不肯要。可是他却不想想，你说不肯娶穆姑娘，他怎地又硬逼你娶她？哼，等哪一天我武功强过这牛鼻子老道了，定要硬逼他娶个又恶又丑的女人，叫他尝尝被逼娶老婆的滋味。”"?	8	10
People: 瑛姑; 一灯 </s> 那书生道： </s> “我皇爱民如子，宽厚仁慈，大理国臣民至今无不称颂。我皇别说生平绝无残害无辜，就是别人犯了重罪，我皇也常常法外施恩。娘娘难道不知？” </s> 瑛姑脸上一红，厉声道： </s> “你敢出言挺撞我么？” </s> 那书生道： </s> “微臣不敢。”	who said "“你敢出言挺撞我么？”"?	8	10
People: 无色; 郭襄 </s> 郭襄道： </s> “是昆仑三圣派人送来的么？” </s> 无色道： </s> “若是派人送来，也就没甚么奇怪。常言道树大招风，我少林寺数百年来号称天下武学之源，因此不断有高手到寺中来挑战较艺。每次有武林中人到来，我们总是好好款待，说到比武较量，能够推得掉的便尽量推辞。我们做和尚的，讲究勿嗔勿怒，不得逞强争胜，倘若天天跟人家打架，还算是佛门子弟么？” </s> 郭襄点头道： </s> “那也说得是。”	who said "“若是派人送来，也就没甚么奇怪。常言道树大招风，我少林寺数百年来号称天下武学之源，因此不断有高手到寺中来挑战较艺。每次有武林中人到来，我们总是好好款待，说到比武较量，能够推得掉的便尽量推辞。我们做和尚的，讲究勿嗔勿怒，不得逞强争胜，倘若天天跟人家打架，还算是佛门子弟么？”"?	8	10
People: 张无忌; 谢逊; 杨逍; 空智; 陈友谅; 空闻; 渡厄 </s> 空智走到广场正中，合十行礼，口宣佛号，说道： </s> “今日得蒙天下英雄赏脸降临，少林派至感光宠。只是敝寺方丈师兄突患急病，无缘得会俊贤，命老衲郑重致歉。” </s> 张无忌微觉奇怪： </s> “那日空闻大师到外公灵前吊祭，脸上绝无病容，精神矍烁，他这等内功深厚之人，怎能突然害病？难道是受了伤？” </s> 四下打量，不见圆真和陈友谅，心想： </s> “那晚我向渡厄等三位高僧揭破圆真的奸谋，不知寺中是否已予处置？空闻大师忽地称病，是否与此事有关？”	who said "“那日空闻大师到外公灵前吊祭，脸上绝无病容，精神矍烁，他这等内功深厚之人，怎能突然害病？难道是受了伤？”"?	8	11
People: 黄蓉; 郭靖 </s> 两人比赛拣贝壳，瞧谁拣得又多又美。 </s> 每人衣兜里都拣了一大堆，海滩上笑声不绝。 </s> 玩了一阵，黄蓉道： </s> “靖哥哥，你头发乱成这个样子啦，来，我给你梳梳。” </s> 两人并肩坐在一块岩石上。 </s> 黄蓉从怀里取出一柄小小的镶金玉梳，将郭靖的头发打散，细细梳顺，叹了口气，道：	who said "“靖哥哥，你头发乱成这个样子啦，来，我给你梳梳。”"?	8	10
People: 彭长老; 郭靖; 洪七公; 杨康; 鲁有脚; 黄蓉 </s> 他身手之灵活，实胜于头脑十倍，绳索虽已卸脱，心中兀自不明白何以得能如此。 </s> 彭长老本在郭靖身畔，忽见他脱缚而出，吃惊非小，伸臂一把抓去没有抓住，俯首但见地下空余一团绳索，仍是牢牢的互相钩结，而缚着的人却如一条泥鳅般滑了出去，待要上前追赶，只见他已将鲁有脚救出。 </s> 彭长老心想挺身上前未必能讨得了好去，口中大呼： </s> “拿住这小贼！” </s> 双足却钉在地下不动。 </s> 郭靖被缚得久了，甚是气愤，体念黄蓉心意，想她小孩脾气，必然恼怒更甚，虽知群丐受杨康欺蒙，并非有意与自己为敌，但见众人高呼攻来，心道：	who said "“拿住这小贼！”"?	8	11
People: 郭靖; 王处一; 沙通天; 完颜康; 侯通海 </s> 本来他想完颜康是自己师侄，虽是大金王子，对自己总不敢如何，万料不到他对师叔非但全无长幼之礼，而且在府中伏下了这许多高手，早知如此，自不能贸然深入虎穴前来赴宴。 </s> 就算要来查问清楚，也不该带了郭靖这少年同来。 </s> 自己要脱身而走，谅来众人也留不住，要同时救出郭靖却大非易事，当下神色仍是十分镇定，心想： </s> “眼下不可立时破脸，须得拖延时刻，探明各人的虚实。” </s> 说道： </s> “各位威名远震，贫道一向仰慕得紧，今日有缘得见高贤，真是欣喜已极。”	who said "“眼下不可立时破脸，须得拖延时刻，探明各人的虚实。”"?	12	15
People: 柯镇恶; 韩小莹; 南希仁; 梅超风; 朱聪; 韩宝驹; 全金发; 张阿生 </s> 梅超风也怕扇上当真有毒，立即抛下。 </s> 朱聪跃开数步，提手只见手背上深深的五条血痕，不禁全身冷汗，眼见久战不下，己方倒已有三人被她抓伤，待得她丈夫铜尸到来，七兄弟真的要暴骨荒山了，只见张阿生、韩宝驹、全金发都已气喘连连，额头见汗。 </s> 只有南希仁功力较深，韩小莹身形轻盈，尚未见累，敌人却是愈战愈勇，一斜眼瞥见月亮惨白的光芒从乌云间射出，照在左侧那堆三堆骷髅头骨之上，不觉一个寒噤，情急智生，飞步往柯镇恶躲藏的石坑前奔去，同时大叫： </s> “大家逃命呀！” </s> 五侠会意，边战边退。 </s> 梅超风冷笑道：	who said "“大家逃命呀！”"?	13	16
People: 杨铁心; 包惜弱; 完颜洪烈; 完颜康; 梁子翁; 丘处机 </s> 完颜洪烈与完颜康同时惊问： </s> “甚么？” </s> 包惜弱指着杨铁心道： </s> “我丈夫并没有死，天涯海角我也随了他去。” </s> 完颜洪烈这一惊非同小可，嘴唇向梁子翁一努。 </s> 梁子翁会意，右手扬处，打出了三枚子午透骨钉，射向杨铁心的要害。	who said "“我丈夫并没有死，天涯海角我也随了他去。”"?	13	16
People: 殷素素; 史火龙; 贺老三; 俞莲舟 </s> “在下是丐帮中的无名小卒，贱名没的污了俞二侠尊耳。” </s> 俞莲舟见他背上负了五六只布袋，心想这是丐帮中的六袋弟子，位份已算不低，如何竟干出这等卑污行径来？何况丐帮素来行事仁义，他们帮主史火龙是条铁挣挣的好汉子，江湖上大大有名，这事可真奇了。 </s> 殷素素忽然叫道： </s> “东川的巫山帮已投靠了丐帮么？我瞧丐帮中没阁下这一份字号？” </s> 那老丐「咦」的一声，还未回答，殷素素又道： </s> “贺老三，你捣甚么鬼。你只要伤了我孩子的一根毫毛，我把你们的梅石坚剁做十七廿八块！”	who said "“东川的巫山帮已投靠了丐帮么？我瞧丐帮中没阁下这一份字号？”"?	8	11
People: 杨过; 李莫愁; 武三通; 武三娘; 武氏 </s> “小人杨过，前辈可是姓武，尊号上三下通么？” </s> 这人正是武氏兄弟的父亲武三通，他在嘉兴府为李莫愁银针所伤，晕死过去，待得悠悠醒转，只见妻子武三娘伏在地上，正自吮吸他左腿上伤口中的毒血。 </s> 他吃了一惊，叫道： </s> “三娘，针上剧毒厉害无比，如何吸得？” </s> 忙将她推开。 </s> 武三娘往地上吐了一日毒血，微微一笑，说道：	who said "“三娘，针上剧毒厉害无比，如何吸得？”"?	17	20
People: 张无忌; 杨逍; 殷梨亭; 韦一笑; 范遥; 张松溪; 殷野王; 俞莲舟 </s> 这堵照壁着实不低，若非轻功了得，却也不易一跃而上。 </s> 群雄武功修为不同，往往擅于拳脚兵刃的，轻功便甚平常，江湖上的成名人物无不有自知之明，决不肯当众自暴其短。 </s> 张无忌见这四百余人之中，少林派僧众占了八九十人，心想： </s> “少林是武林中第一大门派，果然名不虚传。单以轻功一项而论，好手便远较别派为多。” </s> 于是传令道： </s> “俞二伯、张四伯、殷六叔，请你们三位带同擅长轻功的众位英雄，虚张声势，假装寺中人众尽数逃走，引得敌军来追，一到后山，即便如此如此。”	who said "“少林是武林中第一大门派，果然名不虚传。单以轻功一项而论，好手便远较别派为多。”"?	8	11
People: 张无忌; 杨逍; 小昭; 韦一笑; 彭莹玉 </s> “你怎知道？” </s> 张无忌尚未回答，忽听得东北角上蹄声杂沓，有大队人马自西而东，奔驰而过，少说也有一百余乘。 </s> 过不多时，韦一笑和杨逍先后奔到，说道： </s> “教主，深夜之中大队人马奔驰，说不定又是本教之敌。” </s> 张无忌命小昭去和彭莹玉等人会合，自行带同杨韦二人，奔向蹄声传来处查察。 </s> 到得近处，果见沙漠中留下一排马蹄印。	who said "“教主，深夜之中大队人马奔驰，说不定又是本教之敌。”"?	21	24
People: 张无忌; 张三丰 </s> 张三丰道： </s> “为甚么？” </s> 张无忌道： </s> “盼望俞三伯能修练武当、少林两派神功，治好手足残疾。” </s> 张三丰叹道： </s> “你俞三伯受的是筋骨外伤，内功再强，也是治不好的。”	who said "“盼望俞三伯能修练武当、少林两派神功，治好手足残疾。”"?	8	11
People: 杨过 </s> “不应作而作，应作而不作，悔恼火所烧，证觉自此始……” </s> 这几句偈语轻轻说来，虽在黑衣僧牛吼一般的喘息之中，仍令人听得清清楚楚。 </s> 杨过吃了一惊： </s> “这老和尚内功如此深厚，当世不知有谁能及？” </s> 只听白眉僧继续念偈： </s> “若人罪能悔，悔已莫复忧，如是心安乐，不应常念着。不以心悔故，不作而能作，诸恶事已作，不能令不作。”	who said "“这老和尚内功如此深厚，当世不知有谁能及？”"?	8	10
People: 郭襄 </s> 那人听到郭襄说话，跳起身来，说道： </s> “姑娘，我到处找你，却不道又在此间邂逅。” </s> 郭襄道： </s> “你找我干甚么？” </s> 那人道： </s> “我忘了请教姑娘尊姓大名。”	who said "“你找我干甚么？”"?	8	10
People: 杨过; 郭芙; 郭襄; 金轮法王; 霍都; 朱子柳; 达尔巴; 黄蓉; 鲁有脚 </s> “嗯，原来达尔巴因此才这般恨他。” </s> 郭襄听母亲说「杨过以一柄玄铁剑压住了达尔巴、霍都二人」这句话，想像杨过当年的雄姿英风，不禁神往。 </s> 郭芙又问： </s> “怎地他又变成了乞丐？咱们的打狗棒怎地又在他的手中？” </s> 黄蓉道： </s> “那还不容易推想吗？霍都叛师背门，自然怕师父和师兄找他，于是化装易容，混入了丐帮，浑浑噩噩，不露半点锋芒，十余年中按部就班的升为五袋弟子，丐帮中固然无人疑心，金轮法王更是寻他不着。可是这等奸恶自负之徒决不肯就此埋没一生，时机一到，他便要大干一场了。那日鲁帮主出城巡查，他暗伏在侧，忽施毒手，下手时却露出自己本来面目，并留下活口，让那弟子带回话来，说杀鲁有脚的乃是霍都。他夺得打狗棒后，暗藏在这铁棒之中。待得本帮大会推举帮主，他便可提出‘寻还打狗棒’这件大事来。这是本帮世代相传的帮规，又有谁能驳他呢？唉，霍都这奸贼，如此工于心计，也可算得是个人杰。”	who said "“怎地他又变成了乞丐？咱们的打狗棒怎地又在他的手中？”"?	12	14
People: 欧阳锋; 郭靖; 黄蓉 </s> 郭靖自言自语： </s> “有人相帮就好啦！” </s> 欧阳锋怒目而视，斥道： </s> “废话！” </s> 他明知郭靖这句话出于好心，但沮丧之下，暴躁已极。 </s> 黄蓉出了一会神，忽地跳了起来，拍手笑道：	who said "“废话！”"?	8	11
People: 黄蓉; 侯通海; 彭连虎 </s> 彭连虎看得数招，失声道： </s> “是黑风双煞！” </s> 黄蓉仗着身子灵便，东一躲，西一闪，侯通海哪里抓得到她头发？黄蓉见他手指不住抓向她头顶，一转念间已明白了他用意，矮身往玫瑰丛后一躲，反过手臂，将蛾眉钢刺从脑后插入了头舍，探头出来，叫道： </s> “我在这里！” </s> 侯通海大喜，一把往她头顶抓去，叫道： </s> “这可抓住了你这臭小……啊哟，啊哟！师哥，臭小子头上也生刺……刺猬！”	who said "“我在这里！”"?	8	10
People: 黄蓉; 郭靖 </s> “小人说就说了，两位可千万去不得。那猴爪山里住着一群凶神恶煞，任谁走近离山五里，休想保得性命。” </s> 郭、黄二人对望一眼，点了点头。 </s> 黄蓉道： </s> “那猴爪山共有五个山峰，就像猴儿的手掌一般，是么？” </s> 店小二喜道： </s> “是啊！原来姑娘早知道啦！那可不是小人说的。这五个山峰生得才叫奇怪。”	who said "“那猴爪山共有五个山峰，就像猴儿的手掌一般，是么？”"?	8	10
People: 谢逊; 张翠山; 殷素素 </s> 殷素素突然接口道： </s> “老百姓无拳无勇，自然受人宰割。所谓人为刀俎，我为鱼肉，那也事属寻常。” </s> 张翠山道： </s> “咱们辛辛苦苦的学武，便是要为人伸冤吐气，锄强扶弱。谢前辈英雄无敌，以此绝世武功行侠天下，苍生皆被福荫。” </s> 谢逊道： </s> “行侠仗义有甚么好？为甚么要行侠仗义？”	who said "“咱们辛辛苦苦的学武，便是要为人伸冤吐气，锄强扶弱。谢前辈英雄无敌，以此绝世武功行侠天下，苍生皆被福荫。”"?	12	15
People: 完颜康; 穆易; 穆念慈 </s> 穆易脸色忽变，道： </s> “你去请你母亲来，咱们当面说个清楚。” </s> 完颜康微微一笑，道： </s> “我母亲怎能见你？” </s> 穆易斩钉截铁的道： </s> “不跟你母亲见面，任你如何花言巧语，我决不理睬。”	who said "“我母亲怎能见你？”"?	8	11
People: 黄蓉; 郭靖; 欧阳锋 </s> 郭靖也笑道： </s> “怪不得我见他颠倒行路，这功夫可不易练。” </s> 黄蓉道： </s> “你到华山来，想是要争那‘武功天下第一’的名号了？” </s> 郭靖道： </s> “蓉儿，你怎么又来取笑？我是要向周大哥请教一个法子，怎生将已会的武功尽数忘却。”	who said "“你到华山来，想是要争那‘武功天下第一’的名号了？”"?	8	10
People: 杨过; 郭芙; 郭襄 </s> 郭襄道： </s> “你夫人和你在甚么时候相会啊。” </s> 杨过道： </s> “是在今年冬天。” </s> 郭襄道： </s> “你会到你夫人后，叫人带个讯到襄阳给我，也好让我代你欢喜。”	who said "“是在今年冬天。”"?	8	10
People: 穆念慈; 完颜康 </s> 完颜康沉吟片刻，说道： </s> “妹子，下次你再来，只怕给庄中高手发觉。你如真要救我，就去给我找一个人。” </s> 穆念慈愠道： </s> “我可不去找甚么死丞相、活丞相。” </s> 完颜康道： </s> “不是丞相，是找我师父。”	who said "“我可不去找甚么死丞相、活丞相。”"?	8	11
People: 陆二娘; 程英; 陆立鼎 </s> 手帕是白缎的质地，四角上都绣着一朵红花。 </s> 花红欲滴，每朵花旁都衬着一张翠绿色的叶子，白缎子已旧得发黄，花叶却兀自娇艳可爱，便如真花真叶一般。 </s> 陆立鼎道： </s> “阿英，你把手帕缚在颈中，千万不可解脱，知道么？” </s> 程英不明他用意，但既是姨父吩咐，当即接了过去，点头答应。 </s> 陆二娘本已痛得神智迷糊，听到丈夫说话声音，睁开眼来，说道：	who said "“阿英，你把手帕缚在颈中，千万不可解脱，知道么？”"?	17	20
People: 俞岱岩 </s> 淡淡的道： </s> “不错，我这门武功，旁人原是不易领会，别说阁下，便是武当派掌门人张老头儿，也未必懂得。” </s> 俞岱岩听那白袍客辱及恩师，这口气如何忍得下去？可是武当派弟子自来讲究修心养性的功夫，心想： </s> “他有意挑衅，不知存着甚么心？此人功夫怪异，不必为了几句无礼的言语为本门多树强敌。” </s> 当下微微一笑，说道： </s> “天下武学无穷无尽，正派邪道，千千万万，武当派所学原只沧海一粟。如尊驾这等功夫，似少林而非少林，只怕本师多半不识。”	who said "“他有意挑衅，不知存着甚么心？此人功夫怪异，不必为了几句无礼的言语为本门多树强敌。”"?	8	11
People: 杨过; 小龙女; 黄蓉 </s> 杨过指着小龙女道： </s> “她是我师父啊，郭怕母你怎么不信？” </s> 黄蓉素知他狡谲，但见小龙女一派天真无邪，料定不会撒谎，于是转头问她： </s> “妹妹，他的武功是你教的？” </s> 小龙女很是得意，说道： </s> “是啊，你说我教得好不好？”	who said "“妹妹，他的武功是你教的？”"?	17	19
People: 杨过; 郭芙; 郭襄; 黄蓉; 一灯; 慈恩; 裘千仞 </s> 一灯缓缓抬起头来，望着慈恩，但见他双目之中红丝满布，全是杀气，说道： </s> “你要找人家报仇，人家来找你报仇，却又如何？” </s> 慈恩喝道： </s> “谁有胆子，那便过来！” </s> 这时天将傍晚，暮色入厅，众人眼中望出来均有朦胧之感，慈恩的脸色更显得阴森可怖。 </s> 突然之间，猛听得黄蓉哈哈大笑，笑声忽高忽低，便如疯子发出来一般。	who said "“谁有胆子，那便过来！”"?	28	30
People: 黄蓉; 欧阳锋; 郭靖; 黎生 </s> “洪帮主降龙十八掌天下无双无对，不知三位学到了几掌？” </s> 三丐脸上均现惭色，那降龙十八掌却是未蒙帮主传授一掌，反不及八袋弟子黎生倒得传授一招「神龙摆尾」。 </s> 黄蓉又道： </s> “刚才那位鲁长老虽说擅于下毒，我瞧本事却也平常。上个月西毒欧阳锋请我喝了三杯毒酒，那才有点儿门道。这两杯解毒酒，还是三位自己饮了罢。” </s> 说着将两杯调有药粉的药酒推到三丐面前。 </s> 三丐微微变色，知她故意东拉西扯，不肯服药。	who said "“刚才那位鲁长老虽说擅于下毒，我瞧本事却也平常。上个月西毒欧阳锋请我喝了三杯毒酒，那才有点儿门道。这两杯解毒酒，还是三位自己饮了罢。”"?	8	10
People: 张无忌; 赵敏; 杨逍 </s> 张无忌眼见赵敏到来，心中早已怦怦乱跳，只盼杨逍能打开僵局，劝得她好好离去，听她突然问到自己，只得答道： </s> “我说过的话，自然作数。” </s> 赵敏道： </s> “那日我救了你俞三叔和殷六叔之命，你答应为我做三件事，不得有违，是也不是？” </s> 张无忌道： </s> “不错。你要我借屠龙宝刀一瞧，你不但已瞧到了，还将宝刀盗了去。”	who said "“那日我救了你俞三叔和殷六叔之命，你答应为我做三件事，不得有违，是也不是？”"?	13	15
People: 穆念慈; 郭靖; 黄蓉; 洪七公 </s> 郭靖见她两人相互间神情亲密，也感高兴。 </s> 吃过饭后，三人到松林中散步闲谈，黄蓉问起穆念慈怎样得洪七公传授武艺之事。 </s> 穆念慈道： </s> “那时候我年纪还小，有一日跟了爹爹去到汴梁。我们住在客店里，我在店门口玩儿，看到两个乞丐躺在地下，身上给人砍得血淋淋的，很是可怕。大家都嫌脏，没人肯理他们……” </s> 黄蓉接口道： </s> “啊，是啦，你一定好心，给他们治伤。”	who said "“那时候我年纪还小，有一日跟了爹爹去到汴梁。我们住在客店里，我在店门口玩儿，看到两个乞丐躺在地下，身上给人砍得血淋淋的，很是可怕。大家都嫌脏，没人肯理他们……”"?	8	11
People: 张无忌; 胡青牛 </s> 胡青牛勃然怒道： </s> “谁敢如此加害我明教弟子？” </s> 张无忌道： </s> “那人果是歹毒，但我想总要先治好那明教弟子耳目之伤，再慢慢问他仇人的姓名踪迹。” </s> 胡青牛思索片刻.说道： </s> “倘若那人是明教弟子，我便用水银灌入他左耳，铅块溶入水银，便随之流出。再以金针深入右耳，水银可附于金针之上，慢慢取出至于生漆入眼，试以螃蟹捣汁敷治，或能化解。”	who said "“那人果是歹毒，但我想总要先治好那明教弟子耳目之伤，再慢慢问他仇人的姓名踪迹。”"?	8	11
People: 欧阳锋; 郭靖 </s> 郭靖道： </s> “嗯？” </s> 欧阳锋道： </s> “我叫他把《九阴真经》默写出来给我瞧瞧，那老顽童竟然说话不算数。” </s> 郭靖心想： </s> “周大哥怎肯把真经传给你？”	who said "“我叫他把《九阴真经》默写出来给我瞧瞧，那老顽童竟然说话不算数。”"?	8	11
People: 杨过; 小龙女 </s> 杨过道： </s> “我不知道。我不敢一人睡。” </s> 小龙女皱眉道： </s> “那么跟我一房睡罢。” </s> 当下带他到自己的房中。 </s> 她在暗中惯了，素来不点灯烛，这时特地为杨过点了一枝蜡烛。	who said "“那么跟我一房睡罢。”"?	12	15
People: 武三通; 黄蓉 </s> 黄蓉笑道： </s> “小辈们也还罢了，就怕你这老儿不听我号令。” </s> 武三通大声道： </s> “你说甚么，我便干甚么？赴汤蹈火，在所不辞。” </s> 黄蓉道： </s> “在这许多小辈之前，你可不能说过了话不算？”	who said "“你说甚么，我便干甚么？赴汤蹈火，在所不辞。”"?	8	11
People: 黄蓉; 郭靖; 洪七公; 梁子翁 </s> 黄蓉甚为得意，微微一笑，拉着郭靖的手，回进客店。 </s> 只见洪七公面前放了四大盆菜，左手举杯，右手持著，正自吃得津津有味。 </s> 黄蓉笑道： </s> “七公，他跪着动也不敢动。” </s> 洪七公道： </s> “你去打他一顿出出气吧，他决不敢还手。”	who said "“七公，他跪着动也不敢动。”"?	8	10
People: 全金发; 柯镇恶; 韩小莹; 朱聪 </s> 柯镇恶低声道： </s> “那么他们马上就会到来。” </s> 将骷髅头骨交给全金发，道： </s> “小心放回原处，别让他们瞧出有过移动的痕迹。” </s> 全金发放好骷髅，回到柯镇恶身边。 </s> 六兄弟惘然望着大哥，静待他解说。	who said "“小心放回原处，别让他们瞧出有过移动的痕迹。”"?	13	16
People: 郭芙; 霍都; 郭靖; 黄蓉; 武氏; 鲁有脚 </s> 霍部打开折扇，搧了几下，说道： </s> “这一场比试，自然也是不算的了。郭大侠，敝方三人是家师、师兄与区区在下。我的功夫最差，就打这头阵，贵方哪一位下场指教？谁胜谁败，那可不是玩耍了。” </s> 郭靖听妻子说有必胜之道，知道她智计百端，虽不知她使何妙策，却也已有恃无恐，大声说道： </s> “好，咱们就是三场见高下。” </s> 霍都知道对方武功最强的是郭靖，师父天下无敌，定能胜他，黄蓉虽施过夺棒怪招，然而瞧她的娇怯怯模样，当真动手，未必厉害，余人更不足道，于是目光向众人一扫，说道： </s> “各位如有异议，便请早言。胜负既决，就须唯盟主之命是从了。”	who said "“好，咱们就是三场见高下。”"?	16	18
People: 欧阳克; 黄蓉 </s> 黄蓉笑道： </s> “我说不理你就不理，你赞我讨好我也没用。” </s> 欧阳克又走近一步，笑道： </s> “我不信，偏要试试。” </s> 黄蓉脸色一沉，说道： </s> “你再走过来一步，我叫师父来揍你。”	who said "“我不信，偏要试试。”"?	8	11
People: 杨过; 潇湘子; 尹克西; 张君宝; 觉远; 一灯 </s> 杨过暗自骇异： </s> “他已学成了武学中上乘的功夫，原来自己居然并不知晓，还道只是强身健体、百病不生而已。如此奇事，武林中从所未有。我若非亲眼见他这般拘谨守礼，必说他故意装腔作势、深藏不露。难怪天鸣、无色、无相诸禅师和他同寺共居数十年，竟不知侪辈中有此异人。” </s> 一灯大师却暗暗点头，心道： </s> “这位师兄说《九阳真经》只不过是皮相小道，果已深悟佛理。禅宗之学，在求明心见性，九阳真经讲的是武功，自是为他所不取了。” </s> 尹克西拍了拍身子，笑道： </s> “在下四大皆空，身上哪有经书？”	who said "“这位师兄说《九阳真经》只不过是皮相小道，果已深悟佛理。禅宗之学，在求明心见性，九阳真经讲的是武功，自是为他所不取了。”"?	31	33
